condition_name,experiment_type,seed,group,generation,alive_at_end,avg_fitness,best_fitness,genome_diversity,total_food_eaten,total_offspring,avg_energy
ratio_10pct,ratio_sweep,1000,control,0,2,0.6915,0,0.3606,101,0,110.0
ratio_10pct,ratio_sweep,1000,control,1,1,0.5665,0,0.0,47,0,40.0
ratio_10pct,ratio_sweep,1000,control,2,4,0.6602,0,0.2881,126,3,106.5
ratio_10pct,ratio_sweep,1000,control,3,0,0,0,0,0,0,0
ratio_10pct,ratio_sweep,1000,control,4,2,0.6379,0,0.2367,81,1,56.0
ratio_10pct,ratio_sweep,1000,treatment,0,1,0.6609,0,0.0,44,0,105.0
ratio_10pct,ratio_sweep,1000,treatment,1,4,0.5781,0,0.3708,148,0,53.25
ratio_10pct,ratio_sweep,1000,treatment,2,1,0.608,0,0.0,51,1,20.0
ratio_10pct,ratio_sweep,1000,treatment,3,0,0,0,0,0,0,0
ratio_10pct,ratio_sweep,1000,treatment,4,0,0,0,0,0,0,0
ratio_10pct,ratio_sweep,1137,control,0,1,0.697,0,0.0,47,0,40.0
ratio_10pct,ratio_sweep,1137,control,1,1,0.6773,0,0.0,46,0,20.0
ratio_10pct,ratio_sweep,1137,control,2,0,0,0,0,0,0,0
ratio_10pct,ratio_sweep,1137,control,3,1,0.7195,0,0.0,49,0,80.0
ratio_10pct,ratio_sweep,1137,control,4,0,0,0,0,0,0,0
ratio_10pct,ratio_sweep,1137,treatment,0,2,0.6955,0,0.4732,94,0,115.0
ratio_10pct,ratio_sweep,1137,treatment,1,1,0.7173,0,0.0,45,0,100.0
ratio_10pct,ratio_sweep,1137,treatment,2,2,0.6852,0,0.0116,93,0,92.5
ratio_10pct,ratio_sweep,1137,treatment,3,1,0.6781,0,0.0,50,0,100.0
ratio_10pct,ratio_sweep,1137,treatment,4,1,0.6481,0,0.0,47,0,40.0
ratio_10pct,ratio_sweep,1274,control,0,3,0.6735,0,0.3471,150,1,86.67
ratio_10pct,ratio_sweep,1274,control,1,0,0,0,0,0,0,0
ratio_10pct,ratio_sweep,1274,control,2,1,0.7391,0,0.0,50,0,100.0
ratio_10pct,ratio_sweep,1274,control,3,1,0.7491,0,0.0,51,0,120.0
ratio_10pct,ratio_sweep,1274,control,4,1,0.7391,0,0.0,50,0,100.0
ratio_10pct,ratio_sweep,1274,treatment,0,0,0,0,0,0,0,0
ratio_10pct,ratio_sweep,1274,treatment,1,1,0.6388,0,0.0,42,0,65.0
ratio_10pct,ratio_sweep,1274,treatment,2,0,0,0,0,0,0,0
ratio_10pct,ratio_sweep,1274,treatment,3,0,0,0,0,0,0,0
ratio_10pct,ratio_sweep,1274,treatment,4,0,0,0,0,0,0,0
ratio_10pct,ratio_sweep,1411,control,0,0,0,0,0,0,0,0
ratio_10pct,ratio_sweep,1411,control,1,1,0.6386,0,0.0,50,0,100.0
ratio_10pct,ratio_sweep,1411,control,2,2,0.6479,0,0.2781,100,0,100.0
ratio_10pct,ratio_sweep,1411,control,3,0,0,0,0,0,0,0
ratio_10pct,ratio_sweep,1411,control,4,1,0.6743,0,0.0,44,0,141.0
ratio_10pct,ratio_sweep,1411,treatment,0,2,0.6403,0,0.3621,101,1,90.0
ratio_10pct,ratio_sweep,1411,treatment,1,4,0.7046,0,0.333,180,1,94.25
ratio_10pct,ratio_sweep,1411,treatment,2,0,0,0,0,0,0,0
ratio_10pct,ratio_sweep,1411,treatment,3,0,0,0,0,0,0,0
ratio_10pct,ratio_sweep,1411,treatment,4,0,0,0,0,0,0,0
ratio_10pct,ratio_sweep,1548,control,0,1,0.5831,0,0.0,50,0,100.0
ratio_10pct,ratio_sweep,1548,control,1,3,0.7228,0,0.34,153,3,80.0
ratio_10pct,ratio_sweep,1548,control,2,0,0,0,0,0,0,0
ratio_10pct,ratio_sweep,1548,control,3,0,0,0,0,0,0,0
ratio_10pct,ratio_sweep,1548,control,4,0,0,0,0,0,0,0
ratio_10pct,ratio_sweep,1548,treatment,0,0,0,0,0,0,0,0
ratio_10pct,ratio_sweep,1548,treatment,1,0,0,0,0,0,0,0
ratio_10pct,ratio_sweep,1548,treatment,2,3,0.6107,0,0.3836,130,0,56.67
ratio_10pct,ratio_sweep,1548,treatment,3,0,0,0,0,0,0,0
ratio_10pct,ratio_sweep,1548,treatment,4,0,0,0,0,0,0,0
ratio_10pct,ratio_sweep,1685,control,0,1,0.5613,0,0.0,49,0,89.0
ratio_10pct,ratio_sweep,1685,control,1,1,0.6102,0,0.0,44,0,60.0
ratio_10pct,ratio_sweep,1685,control,2,1,0.8054,0,0.0,54,2,100.0
ratio_10pct,ratio_sweep,1685,control,3,0,0,0,0,0,0,0
ratio_10pct,ratio_sweep,1685,control,4,0,0,0,0,0,0,0
ratio_10pct,ratio_sweep,1685,treatment,0,1,0.6321,0,0.0,46,0,20.0
ratio_10pct,ratio_sweep,1685,treatment,1,0,0,0,0,0,0,0
ratio_10pct,ratio_sweep,1685,treatment,2,0,0,0,0,0,0,0
ratio_10pct,ratio_sweep,1685,treatment,3,0,0,0,0,0,0,0
ratio_10pct,ratio_sweep,1685,treatment,4,0,0,0,0,0,0,0
ratio_10pct,ratio_sweep,1822,control,0,0,0,0,0,0,0,0
ratio_10pct,ratio_sweep,1822,control,1,1,0.6662,0,0.0,50,0,100.0
ratio_10pct,ratio_sweep,1822,control,2,0,0,0,0,0,0,0
ratio_10pct,ratio_sweep,1822,control,3,0,0,0,0,0,0,0
ratio_10pct,ratio_sweep,1822,control,4,0,0,0,0,0,0,0
ratio_10pct,ratio_sweep,1822,treatment,0,3,0.6431,0,0.3864,140,0,106.33
ratio_10pct,ratio_sweep,1822,treatment,1,0,0,0,0,0,0,0
ratio_10pct,ratio_sweep,1822,treatment,2,1,0.2216,0,0.0,9,0,18.0
ratio_10pct,ratio_sweep,1822,treatment,3,0,0,0,0,0,0,0
ratio_10pct,ratio_sweep,1822,treatment,4,0,0,0,0,0,0,0
ratio_10pct,ratio_sweep,1959,control,0,2,0.6179,0,0.211,95,0,108.5
ratio_10pct,ratio_sweep,1959,control,1,0,0,0,0,0,0,0
ratio_10pct,ratio_sweep,1959,control,2,3,0.712,0,0.267,162,7,103.67
ratio_10pct,ratio_sweep,1959,control,3,1,0.6836,0,0.0,53,1,120.0
ratio_10pct,ratio_sweep,1959,control,4,0,0,0,0,0,0,0
ratio_10pct,ratio_sweep,1959,treatment,0,5,0.6447,0,0.287,210,1,98.2
ratio_10pct,ratio_sweep,1959,treatment,1,3,0.4477,0,0.2728,77,1,97.67
ratio_10pct,ratio_sweep,1959,treatment,2,2,0.7675,0,0.2247,104,2,100.0
ratio_10pct,ratio_sweep,1959,treatment,3,1,0.7383,0,0.0,50,0,100.0
ratio_10pct,ratio_sweep,1959,treatment,4,2,0.6483,0,0.3365,90,0,75.0
ratio_10pct,ratio_sweep,2096,control,0,2,0.678,0,0.3787,103,1,110.5
ratio_10pct,ratio_sweep,2096,control,1,0,0,0,0,0,0,0
ratio_10pct,ratio_sweep,2096,control,2,0,0,0,0,0,0,0
ratio_10pct,ratio_sweep,2096,control,3,0,0,0,0,0,0,0
ratio_10pct,ratio_sweep,2096,control,4,0,0,0,0,0,0,0
ratio_10pct,ratio_sweep,2096,treatment,0,1,0.6825,0,0.0,50,0,100.0
ratio_10pct,ratio_sweep,2096,treatment,1,0,0,0,0,0,0,0
ratio_10pct,ratio_sweep,2096,treatment,2,1,0.5851,0,0.0,39,0,30.0
ratio_10pct,ratio_sweep,2096,treatment,3,1,0.5836,0,0.0,50,0,100.0
ratio_10pct,ratio_sweep,2096,treatment,4,1,0.6795,0,0.0,49,2,25.0
ratio_10pct,ratio_sweep,2233,control,0,1,0.6891,0,0.0,52,1,100.0
ratio_10pct,ratio_sweep,2233,control,1,0,0,0,0,0,0,0
ratio_10pct,ratio_sweep,2233,control,2,0,0,0,0,0,0,0
ratio_10pct,ratio_sweep,2233,control,3,0,0,0,0,0,0,0
ratio_10pct,ratio_sweep,2233,control,4,0,0,0,0,0,0,0
ratio_10pct,ratio_sweep,2233,treatment,0,1,0.5506,0,0.0,45,0,75.0
ratio_10pct,ratio_sweep,2233,treatment,1,2,0.6514,0,0.4021,95,1,81.5
ratio_10pct,ratio_sweep,2233,treatment,2,1,0.6979,0,0.0,44,0,105.0
ratio_10pct,ratio_sweep,2233,treatment,3,1,0.7189,0,0.0,42,1,100.0
ratio_10pct,ratio_sweep,2233,treatment,4,0,0,0,0,0,0,0
ratio_10pct,ratio_sweep,2370,control,0,2,0.6876,0,0.2939,98,0,80.0
ratio_10pct,ratio_sweep,2370,control,1,0,0,0,0,0,0,0
ratio_10pct,ratio_sweep,2370,control,2,1,0.5513,0,0.0,50,0,100.0
ratio_10pct,ratio_sweep,2370,control,3,0,0,0,0,0,0,0
ratio_10pct,ratio_sweep,2370,control,4,0,0,0,0,0,0,0
ratio_10pct,ratio_sweep,2370,treatment,0,2,0.6873,0,0.3348,99,0,90.0
ratio_10pct,ratio_sweep,2370,treatment,1,1,0.5513,0,0.0,46,0,95.0
ratio_10pct,ratio_sweep,2370,treatment,2,1,0.7019,0,0.0,51,0,120.0
ratio_10pct,ratio_sweep,2370,treatment,3,1,0.6391,0,0.0,47,0,90.0
ratio_10pct,ratio_sweep,2370,treatment,4,2,0.6762,0,0.2841,98,0,102.5
ratio_10pct,ratio_sweep,2507,control,0,1,0.663,0,0.0,50,0,100.0
ratio_10pct,ratio_sweep,2507,control,1,0,0,0,0,0,0,0
ratio_10pct,ratio_sweep,2507,control,2,0,0,0,0,0,0,0
ratio_10pct,ratio_sweep,2507,control,3,0,0,0,0,0,0,0
ratio_10pct,ratio_sweep,2507,control,4,0,0,0,0,0,0,0
ratio_10pct,ratio_sweep,2507,treatment,0,0,0,0,0,0,0,0
ratio_10pct,ratio_sweep,2507,treatment,1,2,0.5841,0,0.4641,89,0,78.0
ratio_10pct,ratio_sweep,2507,treatment,2,1,0.6219,0,0.0,45,0,100.0
ratio_10pct,ratio_sweep,2507,treatment,3,1,0.6194,0,0.0,46,0,95.0
ratio_10pct,ratio_sweep,2507,treatment,4,0,0,0,0,0,0,0
ratio_10pct,ratio_sweep,2644,control,0,1,0.5908,0,0.0,49,0,80.0
ratio_10pct,ratio_sweep,2644,control,1,1,0.6,0,0.0,50,0,100.0
ratio_10pct,ratio_sweep,2644,control,2,0,0,0,0,0,0,0
ratio_10pct,ratio_sweep,2644,control,3,0,0,0,0,0,0,0
ratio_10pct,ratio_sweep,2644,control,4,0,0,0,0,0,0,0
ratio_10pct,ratio_sweep,2644,treatment,0,4,0.6201,0,0.3323,194,1,97.5
ratio_10pct,ratio_sweep,2644,treatment,1,2,0.4909,0,0.2688,55,1,75.0
ratio_10pct,ratio_sweep,2644,treatment,2,1,0.6798,0,0.0,45,0,100.0
ratio_10pct,ratio_sweep,2644,treatment,3,1,0.7539,0,0.0,49,1,115.0
ratio_10pct,ratio_sweep,2644,treatment,4,0,0,0,0,0,0,0
ratio_10pct,ratio_sweep,2781,control,0,1,0.5589,0,0.0,50,0,100.0
ratio_10pct,ratio_sweep,2781,control,1,1,0.711,0,0.0,50,0,100.0
ratio_10pct,ratio_sweep,2781,control,2,0,0,0,0,0,0,0
ratio_10pct,ratio_sweep,2781,control,3,0,0,0,0,0,0,0
ratio_10pct,ratio_sweep,2781,control,4,0,0,0,0,0,0,0
ratio_10pct,ratio_sweep,2781,treatment,0,2,0.7238,0,0.2154,93,0,105.0
ratio_10pct,ratio_sweep,2781,treatment,1,0,0,0,0,0,0,0
ratio_10pct,ratio_sweep,2781,treatment,2,0,0,0,0,0,0,0
ratio_10pct,ratio_sweep,2781,treatment,3,0,0,0,0,0,0,0
ratio_10pct,ratio_sweep,2781,treatment,4,0,0,0,0,0,0,0
ratio_10pct,ratio_sweep,2918,control,0,3,0.6728,0,0.3849,152,2,88.67
ratio_10pct,ratio_sweep,2918,control,1,0,0,0,0,0,0,0
ratio_10pct,ratio_sweep,2918,control,2,0,0,0,0,0,0,0
ratio_10pct,ratio_sweep,2918,control,3,0,0,0,0,0,0,0
ratio_10pct,ratio_sweep,2918,control,4,0,0,0,0,0,0,0
ratio_10pct,ratio_sweep,2918,treatment,0,0,0,0,0,0,0,0
ratio_10pct,ratio_sweep,2918,treatment,1,1,0.6165,0,0.0,50,0,100.0
ratio_10pct,ratio_sweep,2918,treatment,2,0,0,0,0,0,0,0
ratio_10pct,ratio_sweep,2918,treatment,3,0,0,0,0,0,0,0
ratio_10pct,ratio_sweep,2918,treatment,4,0,0,0,0,0,0,0
ratio_10pct,ratio_sweep,3055,control,0,1,0.7904,0,0.0,50,1,60.0
ratio_10pct,ratio_sweep,3055,control,1,0,0,0,0,0,0,0
ratio_10pct,ratio_sweep,3055,control,2,0,0,0,0,0,0,0
ratio_10pct,ratio_sweep,3055,control,3,0,0,0,0,0,0,0
ratio_10pct,ratio_sweep,3055,control,4,0,0,0,0,0,0,0
ratio_10pct,ratio_sweep,3055,treatment,0,0,0,0,0,0,0,0
ratio_10pct,ratio_sweep,3055,treatment,1,0,0,0,0,0,0,0
ratio_10pct,ratio_sweep,3055,treatment,2,0,0,0,0,0,0,0
ratio_10pct,ratio_sweep,3055,treatment,3,1,0.6739,0,0.0,56,1,30.0
ratio_10pct,ratio_sweep,3055,treatment,4,0,0,0,0,0,0,0
ratio_10pct,ratio_sweep,3192,control,0,0,0,0,0,0,0,0
ratio_10pct,ratio_sweep,3192,control,1,1,0.5824,0,0.0,50,0,100.0
ratio_10pct,ratio_sweep,3192,control,2,0,0,0,0,0,0,0
ratio_10pct,ratio_sweep,3192,control,3,0,0,0,0,0,0,0
ratio_10pct,ratio_sweep,3192,control,4,0,0,0,0,0,0,0
ratio_10pct,ratio_sweep,3192,treatment,0,5,0.6131,0,0.2902,220,0,84.6
ratio_10pct,ratio_sweep,3192,treatment,1,0,0,0,0,0,0,0
ratio_10pct,ratio_sweep,3192,treatment,2,0,0,0,0,0,0,0
ratio_10pct,ratio_sweep,3192,treatment,3,0,0,0,0,0,0,0
ratio_10pct,ratio_sweep,3192,treatment,4,0,0,0,0,0,0,0
ratio_10pct,ratio_sweep,3329,control,0,2,0.6823,0,0.3212,103,1,110.0
ratio_10pct,ratio_sweep,3329,control,1,1,0.4703,0,0.0,32,0,103.0
ratio_10pct,ratio_sweep,3329,control,2,3,0.6175,0,0.3583,152,1,100.0
ratio_10pct,ratio_sweep,3329,control,3,0,0,0,0,0,0,0
ratio_10pct,ratio_sweep,3329,control,4,0,0,0,0,0,0,0
ratio_10pct,ratio_sweep,3329,treatment,0,2,0.6294,0,0.2295,90,0,75.0
ratio_10pct,ratio_sweep,3329,treatment,1,2,0.6402,0,0.2705,100,0,100.0
ratio_10pct,ratio_sweep,3329,treatment,2,0,0,0,0,0,0,0
ratio_10pct,ratio_sweep,3329,treatment,3,0,0,0,0,0,0,0
ratio_10pct,ratio_sweep,3329,treatment,4,0,0,0,0,0,0,0
ratio_10pct,ratio_sweep,3466,control,0,2,0.629,0,0.2411,103,0,130.0
ratio_10pct,ratio_sweep,3466,control,1,1,0.6392,0,0.0,50,0,100.0
ratio_10pct,ratio_sweep,3466,control,2,1,0.6025,0,0.0,50,0,100.0
ratio_10pct,ratio_sweep,3466,control,3,3,0.695,0,0.3086,150,1,86.67
ratio_10pct,ratio_sweep,3466,control,4,1,0.7164,0,0.0,47,0,40.0
ratio_10pct,ratio_sweep,3466,treatment,0,0,0,0,0,0,0,0
ratio_10pct,ratio_sweep,3466,treatment,1,0,0,0,0,0,0,0
ratio_10pct,ratio_sweep,3466,treatment,2,0,0,0,0,0,0,0
ratio_10pct,ratio_sweep,3466,treatment,3,0,0,0,0,0,0,0
ratio_10pct,ratio_sweep,3466,treatment,4,0,0,0,0,0,0,0
ratio_10pct,ratio_sweep,3603,control,0,0,0,0,0,0,0,0
ratio_10pct,ratio_sweep,3603,control,1,2,0.6768,0,0.1921,100,1,80.0
ratio_10pct,ratio_sweep,3603,control,2,0,0,0,0,0,0,0
ratio_10pct,ratio_sweep,3603,control,3,1,0.6737,0,0.0,51,0,120.0
ratio_10pct,ratio_sweep,3603,control,4,0,0,0,0,0,0,0
ratio_10pct,ratio_sweep,3603,treatment,0,0,0,0,0,0,0,0
ratio_10pct,ratio_sweep,3603,treatment,1,1,0.6637,0,0.0,50,0,100.0
ratio_10pct,ratio_sweep,3603,treatment,2,1,0.6637,0,0.0,50,0,100.0
ratio_10pct,ratio_sweep,3603,treatment,3,2,0.4345,0,0.0875,44,1,50.0
ratio_10pct,ratio_sweep,3603,treatment,4,0,0,0,0,0,0,0
ratio_10pct,ratio_sweep,3740,control,0,2,0.6394,0,0.1648,101,0,110.0
ratio_10pct,ratio_sweep,3740,control,1,2,0.5952,0,0.303,101,0,110.0
ratio_10pct,ratio_sweep,3740,control,2,1,0.6243,0,0.0,50,0,100.0
ratio_10pct,ratio_sweep,3740,control,3,0,0,0,0,0,0,0
ratio_10pct,ratio_sweep,3740,control,4,0,0,0,0,0,0,0
ratio_10pct,ratio_sweep,3740,treatment,0,6,0.6399,0,0.287,279,1,85.83
ratio_10pct,ratio_sweep,3740,treatment,1,1,0.6979,0,0.0,49,0,105.0
ratio_10pct,ratio_sweep,3740,treatment,2,0,0,0,0,0,0,0
ratio_10pct,ratio_sweep,3740,treatment,3,3,0.7057,0,0.3539,151,3,83.33
ratio_10pct,ratio_sweep,3740,treatment,4,1,0.6954,0,0.0,50,0,100.0
ratio_10pct,ratio_sweep,3877,control,0,0,0,0,0,0,0,0
ratio_10pct,ratio_sweep,3877,control,1,0,0,0,0,0,0,0
ratio_10pct,ratio_sweep,3877,control,2,0,0,0,0,0,0,0
ratio_10pct,ratio_sweep,3877,control,3,0,0,0,0,0,0,0
ratio_10pct,ratio_sweep,3877,control,4,0,0,0,0,0,0,0
ratio_10pct,ratio_sweep,3877,treatment,0,1,0.6323,0,0.0,50,0,100.0
ratio_10pct,ratio_sweep,3877,treatment,1,0,0,0,0,0,0,0
ratio_10pct,ratio_sweep,3877,treatment,2,1,0.6969,0,0.0,50,0,100.0
ratio_10pct,ratio_sweep,3877,treatment,3,1,0.7362,0,0.0,46,0,95.0
ratio_10pct,ratio_sweep,3877,treatment,4,1,0.7262,0,0.0,45,0,75.0
ratio_10pct,ratio_sweep,4014,control,0,0,0,0,0,0,0,0
ratio_10pct,ratio_sweep,4014,control,1,1,0.7257,0,0.0,49,0,80.0
ratio_10pct,ratio_sweep,4014,control,2,0,0,0,0,0,0,0
ratio_10pct,ratio_sweep,4014,control,3,0,0,0,0,0,0,0
ratio_10pct,ratio_sweep,4014,control,4,0,0,0,0,0,0,0
ratio_10pct,ratio_sweep,4014,treatment,0,0,0,0,0,0,0,0
ratio_10pct,ratio_sweep,4014,treatment,1,2,0.6876,0,0.3391,96,1,102.5
ratio_10pct,ratio_sweep,4014,treatment,2,1,0.6355,0,0.0,47,0,40.0
ratio_10pct,ratio_sweep,4014,treatment,3,2,0.655,0,0.3189,103,1,107.5
ratio_10pct,ratio_sweep,4014,treatment,4,0,0,0,0,0,0,0
ratio_10pct,ratio_sweep,4151,control,0,0,0,0,0,0,0,0
ratio_10pct,ratio_sweep,4151,control,1,2,0.5666,0,0.3769,100,0,100.0
ratio_10pct,ratio_sweep,4151,control,2,1,0.7126,0,0.0,53,2,80.0
ratio_10pct,ratio_sweep,4151,control,3,1,0.6806,0,0.0,50,0,100.0
ratio_10pct,ratio_sweep,4151,control,4,0,0,0,0,0,0,0
ratio_10pct,ratio_sweep,4151,treatment,0,3,0.6226,0,0.3553,138,0,53.33
ratio_10pct,ratio_sweep,4151,treatment,1,0,0,0,0,0,0,0
ratio_10pct,ratio_sweep,4151,treatment,2,1,0.6448,0,0.0,50,0,100.0
ratio_10pct,ratio_sweep,4151,treatment,3,2,0.6688,0,0.2728,82,0,68.0
ratio_10pct,ratio_sweep,4151,treatment,4,1,0.7091,0,0.0,50,0,100.0
ratio_10pct,ratio_sweep,4288,control,0,0,0,0,0,0,0,0
ratio_10pct,ratio_sweep,4288,control,1,0,0,0,0,0,0,0
ratio_10pct,ratio_sweep,4288,control,2,1,0.6467,0,0.0,48,0,60.0
ratio_10pct,ratio_sweep,4288,control,3,0,0,0,0,0,0,0
ratio_10pct,ratio_sweep,4288,control,4,0,0,0,0,0,0,0
ratio_10pct,ratio_sweep,4288,treatment,0,4,0.6056,0,0.3025,185,0,87.5
ratio_10pct,ratio_sweep,4288,treatment,1,0,0,0,0,0,0,0
ratio_10pct,ratio_sweep,4288,treatment,2,3,0.6108,0,0.2539,123,3,102.67
ratio_10pct,ratio_sweep,4288,treatment,3,0,0,0,0,0,0,0
ratio_10pct,ratio_sweep,4288,treatment,4,4,0.6888,0,0.2439,190,2,107.5
ratio_10pct,ratio_sweep,4425,control,0,1,0.6268,0,0.0,49,1,40.0
ratio_10pct,ratio_sweep,4425,control,1,0,0,0,0,0,0,0
ratio_10pct,ratio_sweep,4425,control,2,0,0,0,0,0,0,0
ratio_10pct,ratio_sweep,4425,control,3,0,0,0,0,0,0,0
ratio_10pct,ratio_sweep,4425,control,4,0,0,0,0,0,0,0
ratio_10pct,ratio_sweep,4425,treatment,0,1,0.6448,0,0.0,39,0,30.0
ratio_10pct,ratio_sweep,4425,treatment,1,1,0.3858,0,0.0,16,0,140.0
ratio_10pct,ratio_sweep,4425,treatment,2,0,0,0,0,0,0,0
ratio_10pct,ratio_sweep,4425,treatment,3,0,0,0,0,0,0,0
ratio_10pct,ratio_sweep,4425,treatment,4,0,0,0,0,0,0,0
ratio_10pct,ratio_sweep,4562,control,0,1,0.71,0,0.0,49,0,80.0
ratio_10pct,ratio_sweep,4562,control,1,0,0,0,0,0,0,0
ratio_10pct,ratio_sweep,4562,control,2,0,0,0,0,0,0,0
ratio_10pct,ratio_sweep,4562,control,3,0,0,0,0,0,0,0
ratio_10pct,ratio_sweep,4562,control,4,0,0,0,0,0,0,0
ratio_10pct,ratio_sweep,4562,treatment,0,2,0.5612,0,0.3054,93,0,30.0
ratio_10pct,ratio_sweep,4562,treatment,1,1,0.5692,0,0.0,49,0,105.0
ratio_10pct,ratio_sweep,4562,treatment,2,0,0,0,0,0,0,0
ratio_10pct,ratio_sweep,4562,treatment,3,0,0,0,0,0,0,0
ratio_10pct,ratio_sweep,4562,treatment,4,0,0,0,0,0,0,0
ratio_10pct,ratio_sweep,4699,control,0,1,0.7139,0,0.0,48,1,20.0
ratio_10pct,ratio_sweep,4699,control,1,2,0.6701,0,0.2383,101,1,90.0
ratio_10pct,ratio_sweep,4699,control,2,0,0,0,0,0,0,0
ratio_10pct,ratio_sweep,4699,control,3,1,0.7496,0,0.0,50,0,100.0
ratio_10pct,ratio_sweep,4699,control,4,3,0.7328,0,0.1148,148,0,92.33
ratio_10pct,ratio_sweep,4699,treatment,0,4,0.6484,0,0.2484,188,1,76.25
ratio_10pct,ratio_sweep,4699,treatment,1,3,0.6337,0,0.2426,134,0,101.67
ratio_10pct,ratio_sweep,4699,treatment,2,0,0,0,0,0,0,0
ratio_10pct,ratio_sweep,4699,treatment,3,2,0.719,0,0.2686,95,0,100.0
ratio_10pct,ratio_sweep,4699,treatment,4,0,0,0,0,0,0,0
ratio_10pct,ratio_sweep,4836,control,0,1,0.5736,0,0.0,49,0,80.0
ratio_10pct,ratio_sweep,4836,control,1,0,0,0,0,0,0,0
ratio_10pct,ratio_sweep,4836,control,2,0,0,0,0,0,0,0
ratio_10pct,ratio_sweep,4836,control,3,0,0,0,0,0,0,0
ratio_10pct,ratio_sweep,4836,control,4,0,0,0,0,0,0,0
ratio_10pct,ratio_sweep,4836,treatment,0,0,0,0,0,0,0,0
ratio_10pct,ratio_sweep,4836,treatment,1,0,0,0,0,0,0,0
ratio_10pct,ratio_sweep,4836,treatment,2,0,0,0,0,0,0,0
ratio_10pct,ratio_sweep,4836,treatment,3,0,0,0,0,0,0,0
ratio_10pct,ratio_sweep,4836,treatment,4,0,0,0,0,0,0,0
ratio_10pct,ratio_sweep,4973,control,0,4,0.5917,0,0.2142,113,3,94.25
ratio_10pct,ratio_sweep,4973,control,1,0,0,0,0,0,0,0
ratio_10pct,ratio_sweep,4973,control,2,0,0,0,0,0,0,0
ratio_10pct,ratio_sweep,4973,control,3,1,0.6946,0,0.0,49,0,80.0
ratio_10pct,ratio_sweep,4973,control,4,0,0,0,0,0,0,0
ratio_10pct,ratio_sweep,4973,treatment,0,4,0.6961,0,0.2826,186,2,110.0
ratio_10pct,ratio_sweep,4973,treatment,1,1,0.6035,0,0.0,50,0,100.0
ratio_10pct,ratio_sweep,4973,treatment,2,1,0.7067,0,0.0,45,0,90.0
ratio_10pct,ratio_sweep,4973,treatment,3,0,0,0,0,0,0,0
ratio_10pct,ratio_sweep,4973,treatment,4,4,0.7538,0,0.1828,174,5,94.75
ratio_20pct,ratio_sweep,1000,control,0,2,0.6915,0,0.3606,101,0,110.0
ratio_20pct,ratio_sweep,1000,control,1,1,0.5665,0,0.0,47,0,40.0
ratio_20pct,ratio_sweep,1000,control,2,4,0.6602,0,0.2881,126,3,106.5
ratio_20pct,ratio_sweep,1000,control,3,0,0,0,0,0,0,0
ratio_20pct,ratio_sweep,1000,control,4,2,0.6379,0,0.2367,81,1,56.0
ratio_20pct,ratio_sweep,1000,treatment,0,4,0.5913,0,0.265,167,0,70.0
ratio_20pct,ratio_sweep,1000,treatment,1,2,0.6283,0,0.3016,83,0,105.0
ratio_20pct,ratio_sweep,1000,treatment,2,6,0.6586,0,0.28,272,2,87.5
ratio_20pct,ratio_sweep,1000,treatment,3,1,0.6143,0,0.0,32,0,88.0
ratio_20pct,ratio_sweep,1000,treatment,4,1,0.6527,0,0.0,40,0,75.0
ratio_20pct,ratio_sweep,1137,control,0,1,0.697,0,0.0,47,0,40.0
ratio_20pct,ratio_sweep,1137,control,1,1,0.6773,0,0.0,46,0,20.0
ratio_20pct,ratio_sweep,1137,control,2,0,0,0,0,0,0,0
ratio_20pct,ratio_sweep,1137,control,3,1,0.7195,0,0.0,49,0,80.0
ratio_20pct,ratio_sweep,1137,control,4,0,0,0,0,0,0,0
ratio_20pct,ratio_sweep,1137,treatment,0,1,0.7198,0,0.0,39,0,105.0
ratio_20pct,ratio_sweep,1137,treatment,1,1,0.6686,0,0.0,51,0,120.0
ratio_20pct,ratio_sweep,1137,treatment,2,2,0.6778,0,0.4228,90,0,70.0
ratio_20pct,ratio_sweep,1137,treatment,3,0,0,0,0,0,0,0
ratio_20pct,ratio_sweep,1137,treatment,4,1,0.7416,0,0.0,44,0,105.0
ratio_20pct,ratio_sweep,1274,control,0,3,0.6735,0,0.3471,150,1,86.67
ratio_20pct,ratio_sweep,1274,control,1,0,0,0,0,0,0,0
ratio_20pct,ratio_sweep,1274,control,2,1,0.7391,0,0.0,50,0,100.0
ratio_20pct,ratio_sweep,1274,control,3,1,0.7491,0,0.0,51,0,120.0
ratio_20pct,ratio_sweep,1274,control,4,1,0.7391,0,0.0,50,0,100.0
ratio_20pct,ratio_sweep,1274,treatment,0,5,0.6056,0,0.3267,206,1,79.2
ratio_20pct,ratio_sweep,1274,treatment,1,1,0.6588,0,0.0,42,0,105.0
ratio_20pct,ratio_sweep,1274,treatment,2,1,0.6613,0,0.0,50,0,100.0
ratio_20pct,ratio_sweep,1274,treatment,3,0,0,0,0,0,0,0
ratio_20pct,ratio_sweep,1274,treatment,4,0,0,0,0,0,0,0
ratio_20pct,ratio_sweep,1411,control,0,0,0,0,0,0,0,0
ratio_20pct,ratio_sweep,1411,control,1,1,0.6386,0,0.0,50,0,100.0
ratio_20pct,ratio_sweep,1411,control,2,2,0.6479,0,0.2781,100,0,100.0
ratio_20pct,ratio_sweep,1411,control,3,0,0,0,0,0,0,0
ratio_20pct,ratio_sweep,1411,control,4,1,0.6743,0,0.0,44,0,141.0
ratio_20pct,ratio_sweep,1411,treatment,0,2,0.6017,0,0.2365,89,0,90.0
ratio_20pct,ratio_sweep,1411,treatment,1,0,0,0,0,0,0,0
ratio_20pct,ratio_sweep,1411,treatment,2,0,0,0,0,0,0,0
ratio_20pct,ratio_sweep,1411,treatment,3,0,0,0,0,0,0,0
ratio_20pct,ratio_sweep,1411,treatment,4,0,0,0,0,0,0,0
ratio_20pct,ratio_sweep,1548,control,0,1,0.5831,0,0.0,50,0,100.0
ratio_20pct,ratio_sweep,1548,control,1,3,0.7228,0,0.34,153,3,80.0
ratio_20pct,ratio_sweep,1548,control,2,0,0,0,0,0,0,0
ratio_20pct,ratio_sweep,1548,control,3,0,0,0,0,0,0,0
ratio_20pct,ratio_sweep,1548,control,4,0,0,0,0,0,0,0
ratio_20pct,ratio_sweep,1548,treatment,0,3,0.6102,0,0.2255,130,0,91.67
ratio_20pct,ratio_sweep,1548,treatment,1,4,0.641,0,0.265,155,0,88.0
ratio_20pct,ratio_sweep,1548,treatment,2,0,0,0,0,0,0,0
ratio_20pct,ratio_sweep,1548,treatment,3,1,0.7742,0,0.0,48,1,45.0
ratio_20pct,ratio_sweep,1548,treatment,4,0,0,0,0,0,0,0
ratio_20pct,ratio_sweep,1685,control,0,1,0.5613,0,0.0,49,0,89.0
ratio_20pct,ratio_sweep,1685,control,1,1,0.6102,0,0.0,44,0,60.0
ratio_20pct,ratio_sweep,1685,control,2,1,0.8054,0,0.0,54,2,100.0
ratio_20pct,ratio_sweep,1685,control,3,0,0,0,0,0,0,0
ratio_20pct,ratio_sweep,1685,control,4,0,0,0,0,0,0,0
ratio_20pct,ratio_sweep,1685,treatment,0,2,0.6781,0,0.2809,86,0,71.5
ratio_20pct,ratio_sweep,1685,treatment,1,0,0,0,0,0,0,0
ratio_20pct,ratio_sweep,1685,treatment,2,1,0.677,0,0.0,46,0,20.0
ratio_20pct,ratio_sweep,1685,treatment,3,0,0,0,0,0,0,0
ratio_20pct,ratio_sweep,1685,treatment,4,0,0,0,0,0,0,0
ratio_20pct,ratio_sweep,1822,control,0,0,0,0,0,0,0,0
ratio_20pct,ratio_sweep,1822,control,1,1,0.6662,0,0.0,50,0,100.0
ratio_20pct,ratio_sweep,1822,control,2,0,0,0,0,0,0,0
ratio_20pct,ratio_sweep,1822,control,3,0,0,0,0,0,0,0
ratio_20pct,ratio_sweep,1822,control,4,0,0,0,0,0,0,0
ratio_20pct,ratio_sweep,1822,treatment,0,4,0.5897,0,0.3041,179,0,82.5
ratio_20pct,ratio_sweep,1822,treatment,1,0,0,0,0,0,0,0
ratio_20pct,ratio_sweep,1822,treatment,2,1,0.6223,0,0.0,50,0,100.0
ratio_20pct,ratio_sweep,1822,treatment,3,0,0,0,0,0,0,0
ratio_20pct,ratio_sweep,1822,treatment,4,0,0,0,0,0,0,0
ratio_20pct,ratio_sweep,1959,control,0,2,0.6179,0,0.211,95,0,108.5
ratio_20pct,ratio_sweep,1959,control,1,0,0,0,0,0,0,0
ratio_20pct,ratio_sweep,1959,control,2,3,0.712,0,0.267,162,7,103.67
ratio_20pct,ratio_sweep,1959,control,3,1,0.6836,0,0.0,53,1,120.0
ratio_20pct,ratio_sweep,1959,control,4,0,0,0,0,0,0,0
ratio_20pct,ratio_sweep,1959,treatment,0,1,0.6825,0,0.0,41,0,95.0
ratio_20pct,ratio_sweep,1959,treatment,1,3,0.5566,0,0.291,99,1,86.0
ratio_20pct,ratio_sweep,1959,treatment,2,2,0.7601,0,0.3344,106,2,120.0
ratio_20pct,ratio_sweep,1959,treatment,3,2,0.4872,0,0.2848,50,1,111.0
ratio_20pct,ratio_sweep,1959,treatment,4,2,0.6045,0,0.1639,63,0,62.5
ratio_20pct,ratio_sweep,2096,control,0,2,0.678,0,0.3787,103,1,110.5
ratio_20pct,ratio_sweep,2096,control,1,0,0,0,0,0,0,0
ratio_20pct,ratio_sweep,2096,control,2,0,0,0,0,0,0,0
ratio_20pct,ratio_sweep,2096,control,3,0,0,0,0,0,0,0
ratio_20pct,ratio_sweep,2096,control,4,0,0,0,0,0,0,0
ratio_20pct,ratio_sweep,2096,treatment,0,4,0.6147,0,0.3164,170,0,94.0
ratio_20pct,ratio_sweep,2096,treatment,1,1,0.6594,0,0.0,50,0,100.0
ratio_20pct,ratio_sweep,2096,treatment,2,1,0.6744,0,0.0,50,0,130.0
ratio_20pct,ratio_sweep,2096,treatment,3,1,0.6694,0,0.0,41,0,120.0
ratio_20pct,ratio_sweep,2096,treatment,4,0,0,0,0,0,0,0
ratio_20pct,ratio_sweep,2233,control,0,1,0.6891,0,0.0,52,1,100.0
ratio_20pct,ratio_sweep,2233,control,1,0,0,0,0,0,0,0
ratio_20pct,ratio_sweep,2233,control,2,0,0,0,0,0,0,0
ratio_20pct,ratio_sweep,2233,control,3,0,0,0,0,0,0,0
ratio_20pct,ratio_sweep,2233,control,4,0,0,0,0,0,0,0
ratio_20pct,ratio_sweep,2233,treatment,0,0,0,0,0,0,0,0
ratio_20pct,ratio_sweep,2233,treatment,1,0,0,0,0,0,0,0
ratio_20pct,ratio_sweep,2233,treatment,2,0,0,0,0,0,0,0
ratio_20pct,ratio_sweep,2233,treatment,3,0,0,0,0,0,0,0
ratio_20pct,ratio_sweep,2233,treatment,4,0,0,0,0,0,0,0
ratio_20pct,ratio_sweep,2370,control,0,2,0.6876,0,0.2939,98,0,80.0
ratio_20pct,ratio_sweep,2370,control,1,0,0,0,0,0,0,0
ratio_20pct,ratio_sweep,2370,control,2,1,0.5513,0,0.0,50,0,100.0
ratio_20pct,ratio_sweep,2370,control,3,0,0,0,0,0,0,0
ratio_20pct,ratio_sweep,2370,control,4,0,0,0,0,0,0,0
ratio_20pct,ratio_sweep,2370,treatment,0,1,0.6455,0,0.0,45,0,110.0
ratio_20pct,ratio_sweep,2370,treatment,1,7,0.6385,0,0.2769,290,1,74.14
ratio_20pct,ratio_sweep,2370,treatment,2,1,0.5922,0,0.0,44,0,105.0
ratio_20pct,ratio_sweep,2370,treatment,3,1,0.7126,0,0.0,31,0,82.0
ratio_20pct,ratio_sweep,2370,treatment,4,0,0,0,0,0,0,0
ratio_20pct,ratio_sweep,2507,control,0,1,0.663,0,0.0,50,0,100.0
ratio_20pct,ratio_sweep,2507,control,1,0,0,0,0,0,0,0
ratio_20pct,ratio_sweep,2507,control,2,0,0,0,0,0,0,0
ratio_20pct,ratio_sweep,2507,control,3,0,0,0,0,0,0,0
ratio_20pct,ratio_sweep,2507,control,4,0,0,0,0,0,0,0
ratio_20pct,ratio_sweep,2507,treatment,0,4,0.608,0,0.3156,180,0,100.0
ratio_20pct,ratio_sweep,2507,treatment,1,1,0.5818,0,0.0,39,0,80.0
ratio_20pct,ratio_sweep,2507,treatment,2,1,0.6014,0,0.0,47,0,115.0
ratio_20pct,ratio_sweep,2507,treatment,3,0,0,0,0,0,0,0
ratio_20pct,ratio_sweep,2507,treatment,4,0,0,0,0,0,0,0
ratio_20pct,ratio_sweep,2644,control,0,1,0.5908,0,0.0,49,0,80.0
ratio_20pct,ratio_sweep,2644,control,1,1,0.6,0,0.0,50,0,100.0
ratio_20pct,ratio_sweep,2644,control,2,0,0,0,0,0,0,0
ratio_20pct,ratio_sweep,2644,control,3,0,0,0,0,0,0,0
ratio_20pct,ratio_sweep,2644,control,4,0,0,0,0,0,0,0
ratio_20pct,ratio_sweep,2644,treatment,0,0,0,0,0,0,0,0
ratio_20pct,ratio_sweep,2644,treatment,1,3,0.6284,0,0.2693,144,1,93.33
ratio_20pct,ratio_sweep,2644,treatment,2,0,0,0,0,0,0,0
ratio_20pct,ratio_sweep,2644,treatment,3,3,0.582,0,0.2932,112,0,99.33
ratio_20pct,ratio_sweep,2644,treatment,4,2,0.676,0,0.2178,90,0,112.5
ratio_20pct,ratio_sweep,2781,control,0,1,0.5589,0,0.0,50,0,100.0
ratio_20pct,ratio_sweep,2781,control,1,1,0.711,0,0.0,50,0,100.0
ratio_20pct,ratio_sweep,2781,control,2,0,0,0,0,0,0,0
ratio_20pct,ratio_sweep,2781,control,3,0,0,0,0,0,0,0
ratio_20pct,ratio_sweep,2781,control,4,0,0,0,0,0,0,0
ratio_20pct,ratio_sweep,2781,treatment,0,3,0.6362,0,0.2618,148,0,119.33
ratio_20pct,ratio_sweep,2781,treatment,1,1,0.5739,0,0.0,41,0,95.0
ratio_20pct,ratio_sweep,2781,treatment,2,1,0.6423,0,0.0,41,0,95.0
ratio_20pct,ratio_sweep,2781,treatment,3,0,0,0,0,0,0,0
ratio_20pct,ratio_sweep,2781,treatment,4,0,0,0,0,0,0,0
ratio_20pct,ratio_sweep,2918,control,0,3,0.6728,0,0.3849,152,2,88.67
ratio_20pct,ratio_sweep,2918,control,1,0,0,0,0,0,0,0
ratio_20pct,ratio_sweep,2918,control,2,0,0,0,0,0,0,0
ratio_20pct,ratio_sweep,2918,control,3,0,0,0,0,0,0,0
ratio_20pct,ratio_sweep,2918,control,4,0,0,0,0,0,0,0
ratio_20pct,ratio_sweep,2918,treatment,0,2,0.626,0,0.3164,85,0,87.5
ratio_20pct,ratio_sweep,2918,treatment,1,1,0.5983,0,0.0,40,0,100.0
ratio_20pct,ratio_sweep,2918,treatment,2,1,0.5963,0,0.0,36,0,45.0
ratio_20pct,ratio_sweep,2918,treatment,3,0,0,0,0,0,0,0
ratio_20pct,ratio_sweep,2918,treatment,4,0,0,0,0,0,0,0
ratio_20pct,ratio_sweep,3055,control,0,1,0.7904,0,0.0,50,1,60.0
ratio_20pct,ratio_sweep,3055,control,1,0,0,0,0,0,0,0
ratio_20pct,ratio_sweep,3055,control,2,0,0,0,0,0,0,0
ratio_20pct,ratio_sweep,3055,control,3,0,0,0,0,0,0,0
ratio_20pct,ratio_sweep,3055,control,4,0,0,0,0,0,0,0
ratio_20pct,ratio_sweep,3055,treatment,0,3,0.6085,0,0.2854,136,0,81.67
ratio_20pct,ratio_sweep,3055,treatment,1,1,0.7376,0,0.0,50,0,100.0
ratio_20pct,ratio_sweep,3055,treatment,2,1,0.5969,0,0.0,49,0,130.0
ratio_20pct,ratio_sweep,3055,treatment,3,1,0.7022,0,0.0,54,2,100.0
ratio_20pct,ratio_sweep,3055,treatment,4,0,0,0,0,0,0,0
ratio_20pct,ratio_sweep,3192,control,0,0,0,0,0,0,0,0
ratio_20pct,ratio_sweep,3192,control,1,1,0.5824,0,0.0,50,0,100.0
ratio_20pct,ratio_sweep,3192,control,2,0,0,0,0,0,0,0
ratio_20pct,ratio_sweep,3192,control,3,0,0,0,0,0,0,0
ratio_20pct,ratio_sweep,3192,control,4,0,0,0,0,0,0,0
ratio_20pct,ratio_sweep,3192,treatment,0,5,0.6006,0,0.3001,227,1,91.0
ratio_20pct,ratio_sweep,3192,treatment,1,1,0.6212,0,0.0,39,0,5.0
ratio_20pct,ratio_sweep,3192,treatment,2,0,0,0,0,0,0,0
ratio_20pct,ratio_sweep,3192,treatment,3,0,0,0,0,0,0,0
ratio_20pct,ratio_sweep,3192,treatment,4,1,0.56,0,0.0,51,0,120.0
ratio_20pct,ratio_sweep,3329,control,0,2,0.6823,0,0.3212,103,1,110.0
ratio_20pct,ratio_sweep,3329,control,1,1,0.4703,0,0.0,32,0,103.0
ratio_20pct,ratio_sweep,3329,control,2,3,0.6175,0,0.3583,152,1,100.0
ratio_20pct,ratio_sweep,3329,control,3,0,0,0,0,0,0,0
ratio_20pct,ratio_sweep,3329,control,4,0,0,0,0,0,0,0
ratio_20pct,ratio_sweep,3329,treatment,0,10,0.634,0,0.333,439,3,85.0
ratio_20pct,ratio_sweep,3329,treatment,1,5,0.6004,0,0.3469,211,1,96.0
ratio_20pct,ratio_sweep,3329,treatment,2,0,0,0,0,0,0,0
ratio_20pct,ratio_sweep,3329,treatment,3,4,0.7462,0,0.1765,167,1,100.0
ratio_20pct,ratio_sweep,3329,treatment,4,1,0.737,0,0.0,42,0,115.0
ratio_20pct,ratio_sweep,3466,control,0,2,0.629,0,0.2411,103,0,130.0
ratio_20pct,ratio_sweep,3466,control,1,1,0.6392,0,0.0,50,0,100.0
ratio_20pct,ratio_sweep,3466,control,2,1,0.6025,0,0.0,50,0,100.0
ratio_20pct,ratio_sweep,3466,control,3,3,0.695,0,0.3086,150,1,86.67
ratio_20pct,ratio_sweep,3466,control,4,1,0.7164,0,0.0,47,0,40.0
ratio_20pct,ratio_sweep,3466,treatment,0,2,0.6591,0,0.2778,88,1,67.5
ratio_20pct,ratio_sweep,3466,treatment,1,2,0.6567,0,0.1668,94,1,95.0
ratio_20pct,ratio_sweep,3466,treatment,2,1,0.7955,0,0.0,44,1,90.0
ratio_20pct,ratio_sweep,3466,treatment,3,1,0.7314,0,0.0,46,0,95.0
ratio_20pct,ratio_sweep,3466,treatment,4,2,0.7214,0,0.0614,80,0,75.0
ratio_20pct,ratio_sweep,3603,control,0,0,0,0,0,0,0,0
ratio_20pct,ratio_sweep,3603,control,1,0,0,0,0,0,0,0
ratio_20pct,ratio_sweep,3603,control,2,0,0,0,0,0,0,0
ratio_20pct,ratio_sweep,3603,control,3,0,0,0,0,0,0,0
ratio_20pct,ratio_sweep,3603,control,4,0,0,0,0,0,0,0
ratio_20pct,ratio_sweep,3603,treatment,0,0,0,0,0,0,0,0
ratio_20pct,ratio_sweep,3603,treatment,1,1,0.6137,0,0.0,48,0,60.0
ratio_20pct,ratio_sweep,3603,treatment,2,1,0.6947,0,0.0,20,0,2.0
ratio_20pct,ratio_sweep,3603,treatment,3,1,0.644,0,0.0,45,0,45.0
ratio_20pct,ratio_sweep,3603,treatment,4,0,0,0,0,0,0,0
ratio_20pct,ratio_sweep,3740,control,0,2,0.6394,0,0.1648,101,0,110.0
ratio_20pct,ratio_sweep,3740,control,1,2,0.5952,0,0.303,101,0,110.0
ratio_20pct,ratio_sweep,3740,control,2,1,0.6243,0,0.0,50,0,100.0
ratio_20pct,ratio_sweep,3740,control,3,0,0,0,0,0,0,0
ratio_20pct,ratio_sweep,3740,control,4,0,0,0,0,0,0,0
ratio_20pct,ratio_sweep,3740,treatment,0,7,0.6193,0,0.3334,299,0,99.14
ratio_20pct,ratio_sweep,3740,treatment,1,3,0.6906,0,0.3722,128,1,109.67
ratio_20pct,ratio_sweep,3740,treatment,2,3,0.6658,0,0.2265,139,2,66.67
ratio_20pct,ratio_sweep,3740,treatment,3,3,0.7217,0,0.0977,129,2,58.67
ratio_20pct,ratio_sweep,3740,treatment,4,0,0,0,0,0,0,0
ratio_20pct,ratio_sweep,3877,control,0,0,0,0,0,0,0,0
ratio_20pct,ratio_sweep,3877,control,1,0,0,0,0,0,0,0
ratio_20pct,ratio_sweep,3877,control,2,0,0,0,0,0,0,0
ratio_20pct,ratio_sweep,3877,control,3,0,0,0,0,0,0,0
ratio_20pct,ratio_sweep,3877,control,4,0,0,0,0,0,0,0
ratio_20pct,ratio_sweep,3877,treatment,0,2,0.5542,0,0.2584,84,0,102.5
ratio_20pct,ratio_sweep,3877,treatment,1,0,0,0,0,0,0,0
ratio_20pct,ratio_sweep,3877,treatment,2,0,0,0,0,0,0,0
ratio_20pct,ratio_sweep,3877,treatment,3,0,0,0,0,0,0,0
ratio_20pct,ratio_sweep,3877,treatment,4,0,0,0,0,0,0,0
ratio_20pct,ratio_sweep,4014,control,0,0,0,0,0,0,0,0
ratio_20pct,ratio_sweep,4014,control,1,0,0,0,0,0,0,0
ratio_20pct,ratio_sweep,4014,control,2,0,0,0,0,0,0,0
ratio_20pct,ratio_sweep,4014,control,3,0,0,0,0,0,0,0
ratio_20pct,ratio_sweep,4014,control,4,0,0,0,0,0,0,0
ratio_20pct,ratio_sweep,4014,treatment,0,1,0.6047,0,0.0,46,0,95.0
ratio_20pct,ratio_sweep,4014,treatment,1,2,0.6515,0,0.2811,80,0,97.0
ratio_20pct,ratio_sweep,4014,treatment,2,2,0.6702,0,0.3049,86,0,97.5
ratio_20pct,ratio_sweep,4014,treatment,3,0,0,0,0,0,0,0
ratio_20pct,ratio_sweep,4014,treatment,4,0,0,0,0,0,0,0
ratio_20pct,ratio_sweep,4151,control,0,0,0,0,0,0,0,0
ratio_20pct,ratio_sweep,4151,control,1,2,0.5666,0,0.3769,100,0,100.0
ratio_20pct,ratio_sweep,4151,control,2,1,0.7126,0,0.0,53,2,80.0
ratio_20pct,ratio_sweep,4151,control,3,1,0.6806,0,0.0,50,0,100.0
ratio_20pct,ratio_sweep,4151,control,4,0,0,0,0,0,0,0
ratio_20pct,ratio_sweep,4151,treatment,0,3,0.5787,0,0.2903,138,0,95.0
ratio_20pct,ratio_sweep,4151,treatment,1,1,0.6478,0,0.0,38,0,35.0
ratio_20pct,ratio_sweep,4151,treatment,2,0,0,0,0,0,0,0
ratio_20pct,ratio_sweep,4151,treatment,3,0,0,0,0,0,0,0
ratio_20pct,ratio_sweep,4151,treatment,4,0,0,0,0,0,0,0
ratio_20pct,ratio_sweep,4288,control,0,0,0,0,0,0,0,0
ratio_20pct,ratio_sweep,4288,control,1,0,0,0,0,0,0,0
ratio_20pct,ratio_sweep,4288,control,2,1,0.6467,0,0.0,48,0,60.0
ratio_20pct,ratio_sweep,4288,control,3,0,0,0,0,0,0,0
ratio_20pct,ratio_sweep,4288,control,4,0,0,0,0,0,0,0
ratio_20pct,ratio_sweep,4288,treatment,0,5,0.6463,0,0.2222,198,2,85.4
ratio_20pct,ratio_sweep,4288,treatment,1,7,0.6031,0,0.2855,279,1,106.14
ratio_20pct,ratio_sweep,4288,treatment,2,3,0.7038,0,0.1257,137,1,106.67
ratio_20pct,ratio_sweep,4288,treatment,3,0,0,0,0,0,0,0
ratio_20pct,ratio_sweep,4288,treatment,4,0,0,0,0,0,0,0
ratio_20pct,ratio_sweep,4425,control,0,1,0.6268,0,0.0,49,1,40.0
ratio_20pct,ratio_sweep,4425,control,1,0,0,0,0,0,0,0
ratio_20pct,ratio_sweep,4425,control,2,0,0,0,0,0,0,0
ratio_20pct,ratio_sweep,4425,control,3,0,0,0,0,0,0,0
ratio_20pct,ratio_sweep,4425,control,4,0,0,0,0,0,0,0
ratio_20pct,ratio_sweep,4425,treatment,0,2,0.5604,0,0.2445,83,0,80.0
ratio_20pct,ratio_sweep,4425,treatment,1,1,0.6214,0,0.0,43,1,95.0
ratio_20pct,ratio_sweep,4425,treatment,2,0,0,0,0,0,0,0
ratio_20pct,ratio_sweep,4425,treatment,3,0,0,0,0,0,0,0
ratio_20pct,ratio_sweep,4425,treatment,4,0,0,0,0,0,0,0
ratio_20pct,ratio_sweep,4562,control,0,1,0.71,0,0.0,49,0,80.0
ratio_20pct,ratio_sweep,4562,control,1,0,0,0,0,0,0,0
ratio_20pct,ratio_sweep,4562,control,2,0,0,0,0,0,0,0
ratio_20pct,ratio_sweep,4562,control,3,0,0,0,0,0,0,0
ratio_20pct,ratio_sweep,4562,control,4,0,0,0,0,0,0,0
ratio_20pct,ratio_sweep,4562,treatment,0,1,0.684,0,0.0,51,0,60.0
ratio_20pct,ratio_sweep,4562,treatment,1,0,0,0,0,0,0,0
ratio_20pct,ratio_sweep,4562,treatment,2,0,0,0,0,0,0,0
ratio_20pct,ratio_sweep,4562,treatment,3,1,0.7044,0,0.0,42,0,115.0
ratio_20pct,ratio_sweep,4562,treatment,4,0,0,0,0,0,0,0
ratio_20pct,ratio_sweep,4699,control,0,1,0.7139,0,0.0,48,1,20.0
ratio_20pct,ratio_sweep,4699,control,1,2,0.6701,0,0.2383,101,1,90.0
ratio_20pct,ratio_sweep,4699,control,2,0,0,0,0,0,0,0
ratio_20pct,ratio_sweep,4699,control,3,1,0.7496,0,0.0,50,0,100.0
ratio_20pct,ratio_sweep,4699,control,4,3,0.7328,0,0.1148,148,0,92.33
ratio_20pct,ratio_sweep,4699,treatment,0,4,0.6544,0,0.2377,164,0,101.25
ratio_20pct,ratio_sweep,4699,treatment,1,1,0.5672,0,0.0,44,0,105.0
ratio_20pct,ratio_sweep,4699,treatment,2,4,0.6115,0,0.1795,173,0,90.0
ratio_20pct,ratio_sweep,4699,treatment,3,5,0.6799,0,0.088,240,2,113.0
ratio_20pct,ratio_sweep,4699,treatment,4,2,0.667,0,0.2665,82,0,108.0
ratio_20pct,ratio_sweep,4836,control,0,1,0.5736,0,0.0,49,0,80.0
ratio_20pct,ratio_sweep,4836,control,1,0,0,0,0,0,0,0
ratio_20pct,ratio_sweep,4836,control,2,0,0,0,0,0,0,0
ratio_20pct,ratio_sweep,4836,control,3,0,0,0,0,0,0,0
ratio_20pct,ratio_sweep,4836,control,4,0,0,0,0,0,0,0
ratio_20pct,ratio_sweep,4836,treatment,0,6,0.6249,0,0.3066,247,3,89.67
ratio_20pct,ratio_sweep,4836,treatment,1,4,0.6255,0,0.2368,159,0,80.0
ratio_20pct,ratio_sweep,4836,treatment,2,5,0.6016,0,0.291,194,1,95.4
ratio_20pct,ratio_sweep,4836,treatment,3,2,0.7245,0,0.176,84,0,77.5
ratio_20pct,ratio_sweep,4836,treatment,4,7,0.6158,0,0.2597,231,2,79.86
ratio_20pct,ratio_sweep,4973,control,0,4,0.5917,0,0.2142,113,3,94.25
ratio_20pct,ratio_sweep,4973,control,1,0,0,0,0,0,0,0
ratio_20pct,ratio_sweep,4973,control,2,0,0,0,0,0,0,0
ratio_20pct,ratio_sweep,4973,control,3,1,0.6946,0,0.0,49,0,80.0
ratio_20pct,ratio_sweep,4973,control,4,0,0,0,0,0,0,0
ratio_20pct,ratio_sweep,4973,treatment,0,6,0.5835,0,0.276,193,1,81.67
ratio_20pct,ratio_sweep,4973,treatment,1,3,0.6351,0,0.2624,106,0,96.33
ratio_20pct,ratio_sweep,4973,treatment,2,4,0.6083,0,0.1997,169,0,82.5
ratio_20pct,ratio_sweep,4973,treatment,3,3,0.6481,0,0.2373,130,1,95.0
ratio_20pct,ratio_sweep,4973,treatment,4,7,0.5997,0,0.1621,256,3,92.71
ratio_30pct,ratio_sweep,1000,control,0,2,0.6915,0,0.3606,101,0,110.0
ratio_30pct,ratio_sweep,1000,control,1,1,0.5665,0,0.0,47,0,40.0
ratio_30pct,ratio_sweep,1000,control,2,4,0.6602,0,0.2881,126,3,106.5
ratio_30pct,ratio_sweep,1000,control,3,0,0,0,0,0,0,0
ratio_30pct,ratio_sweep,1000,control,4,2,0.6379,0,0.2367,81,1,56.0
ratio_30pct,ratio_sweep,1000,treatment,0,7,0.6502,0,0.3151,311,1,100.0
ratio_30pct,ratio_sweep,1000,treatment,1,6,0.7063,0,0.3547,272,5,106.67
ratio_30pct,ratio_sweep,1000,treatment,2,7,0.7265,0,0.2387,307,3,104.71
ratio_30pct,ratio_sweep,1000,treatment,3,6,0.7261,0,0.1886,260,1,97.5
ratio_30pct,ratio_sweep,1000,treatment,4,9,0.7156,0,0.2171,342,8,95.22
ratio_30pct,ratio_sweep,1137,control,0,1,0.697,0,0.0,47,0,40.0
ratio_30pct,ratio_sweep,1137,control,1,1,0.6773,0,0.0,46,0,20.0
ratio_30pct,ratio_sweep,1137,control,2,0,0,0,0,0,0,0
ratio_30pct,ratio_sweep,1137,control,3,1,0.7195,0,0.0,49,0,80.0
ratio_30pct,ratio_sweep,1137,control,4,0,0,0,0,0,0,0
ratio_30pct,ratio_sweep,1137,treatment,0,6,0.6567,0,0.3762,261,0,103.5
ratio_30pct,ratio_sweep,1137,treatment,1,3,0.6259,0,0.1401,128,0,95.0
ratio_30pct,ratio_sweep,1137,treatment,2,1,0.5889,0,0.0,41,0,95.0
ratio_30pct,ratio_sweep,1137,treatment,3,2,0.5927,0,0.123,89,0,102.5
ratio_30pct,ratio_sweep,1137,treatment,4,0,0,0,0,0,0,0
ratio_30pct,ratio_sweep,1274,control,0,3,0.6735,0,0.3471,150,1,86.67
ratio_30pct,ratio_sweep,1274,control,1,0,0,0,0,0,0,0
ratio_30pct,ratio_sweep,1274,control,2,1,0.7391,0,0.0,50,0,100.0
ratio_30pct,ratio_sweep,1274,control,3,1,0.7491,0,0.0,51,0,120.0
ratio_30pct,ratio_sweep,1274,control,4,1,0.7391,0,0.0,50,0,100.0
ratio_30pct,ratio_sweep,1274,treatment,0,2,0.5881,0,0.3419,87,1,25.0
ratio_30pct,ratio_sweep,1274,treatment,1,0,0,0,0,0,0,0
ratio_30pct,ratio_sweep,1274,treatment,2,0,0,0,0,0,0,0
ratio_30pct,ratio_sweep,1274,treatment,3,1,0.6579,0,0.0,48,0,185.0
ratio_30pct,ratio_sweep,1274,treatment,4,1,0.6204,0,0.0,48,0,110.0
ratio_30pct,ratio_sweep,1411,control,0,0,0,0,0,0,0,0
ratio_30pct,ratio_sweep,1411,control,1,1,0.6386,0,0.0,50,0,100.0
ratio_30pct,ratio_sweep,1411,control,2,2,0.6479,0,0.2781,100,0,100.0
ratio_30pct,ratio_sweep,1411,control,3,0,0,0,0,0,0,0
ratio_30pct,ratio_sweep,1411,control,4,1,0.6743,0,0.0,44,0,141.0
ratio_30pct,ratio_sweep,1411,treatment,0,11,0.6029,0,0.3209,409,4,89.0
ratio_30pct,ratio_sweep,1411,treatment,1,5,0.6888,0,0.3193,230,2,98.0
ratio_30pct,ratio_sweep,1411,treatment,2,1,0.6881,0,0.0,47,0,45.0
ratio_30pct,ratio_sweep,1411,treatment,3,0,0,0,0,0,0,0
ratio_30pct,ratio_sweep,1411,treatment,4,7,0.7012,0,0.2491,257,6,85.14
ratio_30pct,ratio_sweep,1548,control,0,1,0.5831,0,0.0,50,0,100.0
ratio_30pct,ratio_sweep,1548,control,1,3,0.7228,0,0.34,153,3,80.0
ratio_30pct,ratio_sweep,1548,control,2,0,0,0,0,0,0,0
ratio_30pct,ratio_sweep,1548,control,3,0,0,0,0,0,0,0
ratio_30pct,ratio_sweep,1548,control,4,0,0,0,0,0,0,0
ratio_30pct,ratio_sweep,1548,treatment,0,6,0.6533,0,0.3339,238,0,103.17
ratio_30pct,ratio_sweep,1548,treatment,1,3,0.6185,0,0.2513,102,0,66.0
ratio_30pct,ratio_sweep,1548,treatment,2,5,0.6299,0,0.2842,184,1,105.6
ratio_30pct,ratio_sweep,1548,treatment,3,4,0.6563,0,0.2812,175,0,94.5
ratio_30pct,ratio_sweep,1548,treatment,4,9,0.4921,0,0.0601,205,6,71.78
ratio_30pct,ratio_sweep,1685,control,0,1,0.5613,0,0.0,49,0,89.0
ratio_30pct,ratio_sweep,1685,control,1,1,0.6102,0,0.0,44,0,60.0
ratio_30pct,ratio_sweep,1685,control,2,1,0.8054,0,0.0,54,2,100.0
ratio_30pct,ratio_sweep,1685,control,3,0,0,0,0,0,0,0
ratio_30pct,ratio_sweep,1685,control,4,0,0,0,0,0,0,0
ratio_30pct,ratio_sweep,1685,treatment,0,6,0.648,0,0.3378,246,2,84.67
ratio_30pct,ratio_sweep,1685,treatment,1,0,0,0,0,0,0,0
ratio_30pct,ratio_sweep,1685,treatment,2,1,0.7386,0,0.0,43,0,105.0
ratio_30pct,ratio_sweep,1685,treatment,3,0,0,0,0,0,0,0
ratio_30pct,ratio_sweep,1685,treatment,4,2,0.7449,0,0.14,88,0,117.5
ratio_30pct,ratio_sweep,1822,control,0,0,0,0,0,0,0,0
ratio_30pct,ratio_sweep,1822,control,1,1,0.6662,0,0.0,50,0,100.0
ratio_30pct,ratio_sweep,1822,control,2,0,0,0,0,0,0,0
ratio_30pct,ratio_sweep,1822,control,3,0,0,0,0,0,0,0
ratio_30pct,ratio_sweep,1822,control,4,0,0,0,0,0,0,0
ratio_30pct,ratio_sweep,1822,treatment,0,2,0.6404,0,0.3399,78,0,80.0
ratio_30pct,ratio_sweep,1822,treatment,1,3,0.638,0,0.3065,133,0,78.33
ratio_30pct,ratio_sweep,1822,treatment,2,1,0.7261,0,0.0,52,2,85.0
ratio_30pct,ratio_sweep,1822,treatment,3,1,0.5456,0,0.0,39,0,50.0
ratio_30pct,ratio_sweep,1822,treatment,4,1,0.6195,0,0.0,26,0,97.0
ratio_30pct,ratio_sweep,1959,control,0,2,0.6179,0,0.211,95,0,108.5
ratio_30pct,ratio_sweep,1959,control,1,0,0,0,0,0,0,0
ratio_30pct,ratio_sweep,1959,control,2,3,0.712,0,0.267,162,7,103.67
ratio_30pct,ratio_sweep,1959,control,3,1,0.6836,0,0.0,53,1,120.0
ratio_30pct,ratio_sweep,1959,control,4,0,0,0,0,0,0,0
ratio_30pct,ratio_sweep,1959,treatment,0,6,0.6101,0,0.3336,237,3,93.83
ratio_30pct,ratio_sweep,1959,treatment,1,2,0.7433,0,0.239,91,2,120.0
ratio_30pct,ratio_sweep,1959,treatment,2,3,0.67,0,0.156,113,0,70.0
ratio_30pct,ratio_sweep,1959,treatment,3,4,0.6492,0,0.2525,147,3,80.5
ratio_30pct,ratio_sweep,1959,treatment,4,3,0.5434,0,0.1895,69,2,70.0
ratio_30pct,ratio_sweep,2096,control,0,2,0.678,0,0.3787,103,1,110.5
ratio_30pct,ratio_sweep,2096,control,1,0,0,0,0,0,0,0
ratio_30pct,ratio_sweep,2096,control,2,0,0,0,0,0,0,0
ratio_30pct,ratio_sweep,2096,control,3,0,0,0,0,0,0,0
ratio_30pct,ratio_sweep,2096,control,4,0,0,0,0,0,0,0
ratio_30pct,ratio_sweep,2096,treatment,0,2,0.6649,0,0.2574,91,1,72.5
ratio_30pct,ratio_sweep,2096,treatment,1,3,0.6415,0,0.3683,129,0,110.0
ratio_30pct,ratio_sweep,2096,treatment,2,4,0.7195,0,0.2327,159,4,96.0
ratio_30pct,ratio_sweep,2096,treatment,3,2,0.7144,0,0.2126,91,1,102.5
ratio_30pct,ratio_sweep,2096,treatment,4,0,0,0,0,0,0,0
ratio_30pct,ratio_sweep,2233,control,0,1,0.6891,0,0.0,52,1,100.0
ratio_30pct,ratio_sweep,2233,control,1,0,0,0,0,0,0,0
ratio_30pct,ratio_sweep,2233,control,2,0,0,0,0,0,0,0
ratio_30pct,ratio_sweep,2233,control,3,0,0,0,0,0,0,0
ratio_30pct,ratio_sweep,2233,control,4,0,0,0,0,0,0,0
ratio_30pct,ratio_sweep,2233,treatment,0,6,0.6295,0,0.3257,259,1,87.5
ratio_30pct,ratio_sweep,2233,treatment,1,1,0.6499,0,0.0,43,1,95.0
ratio_30pct,ratio_sweep,2233,treatment,2,1,0.5957,0,0.0,41,0,120.0
ratio_30pct,ratio_sweep,2233,treatment,3,0,0,0,0,0,0,0
ratio_30pct,ratio_sweep,2233,treatment,4,0,0,0,0,0,0,0
ratio_30pct,ratio_sweep,2370,control,0,2,0.6876,0,0.2939,98,0,80.0
ratio_30pct,ratio_sweep,2370,control,1,0,0,0,0,0,0,0
ratio_30pct,ratio_sweep,2370,control,2,1,0.5513,0,0.0,50,0,100.0
ratio_30pct,ratio_sweep,2370,control,3,0,0,0,0,0,0,0
ratio_30pct,ratio_sweep,2370,control,4,0,0,0,0,0,0,0
ratio_30pct,ratio_sweep,2370,treatment,0,2,0.6347,0,0.2221,80,0,50.0
ratio_30pct,ratio_sweep,2370,treatment,1,2,0.6926,0,0.344,85,0,75.0
ratio_30pct,ratio_sweep,2370,treatment,2,2,0.6722,0,0.2302,88,0,92.5
ratio_30pct,ratio_sweep,2370,treatment,3,3,0.6738,0,0.2804,132,0,111.67
ratio_30pct,ratio_sweep,2370,treatment,4,2,0.6523,0,0.0031,84,0,112.5
ratio_30pct,ratio_sweep,2507,control,0,1,0.663,0,0.0,50,0,100.0
ratio_30pct,ratio_sweep,2507,control,1,0,0,0,0,0,0,0
ratio_30pct,ratio_sweep,2507,control,2,0,0,0,0,0,0,0
ratio_30pct,ratio_sweep,2507,control,3,0,0,0,0,0,0,0
ratio_30pct,ratio_sweep,2507,control,4,0,0,0,0,0,0,0
ratio_30pct,ratio_sweep,2507,treatment,0,0,0,0,0,0,0,0
ratio_30pct,ratio_sweep,2507,treatment,1,2,0.5981,0,0.4071,85,0,100.0
ratio_30pct,ratio_sweep,2507,treatment,2,0,0,0,0,0,0,0
ratio_30pct,ratio_sweep,2507,treatment,3,0,0,0,0,0,0,0
ratio_30pct,ratio_sweep,2507,treatment,4,0,0,0,0,0,0,0
ratio_30pct,ratio_sweep,2644,control,0,1,0.5908,0,0.0,49,0,80.0
ratio_30pct,ratio_sweep,2644,control,1,1,0.6,0,0.0,50,0,100.0
ratio_30pct,ratio_sweep,2644,control,2,0,0,0,0,0,0,0
ratio_30pct,ratio_sweep,2644,control,3,0,0,0,0,0,0,0
ratio_30pct,ratio_sweep,2644,control,4,0,0,0,0,0,0,0
ratio_30pct,ratio_sweep,2644,treatment,0,4,0.6166,0,0.2587,158,0,83.75
ratio_30pct,ratio_sweep,2644,treatment,1,5,0.6405,0,0.2801,219,0,108.2
ratio_30pct,ratio_sweep,2644,treatment,2,1,0.6804,0,0.0,43,0,40.0
ratio_30pct,ratio_sweep,2644,treatment,3,2,0.7123,0,0.2638,89,0,105.0
ratio_30pct,ratio_sweep,2644,treatment,4,1,0.7745,0,0.0,43,1,95.0
ratio_30pct,ratio_sweep,2781,control,0,1,0.5589,0,0.0,50,0,100.0
ratio_30pct,ratio_sweep,2781,control,1,1,0.711,0,0.0,50,0,100.0
ratio_30pct,ratio_sweep,2781,control,2,0,0,0,0,0,0,0
ratio_30pct,ratio_sweep,2781,control,3,0,0,0,0,0,0,0
ratio_30pct,ratio_sweep,2781,control,4,0,0,0,0,0,0,0
ratio_30pct,ratio_sweep,2781,treatment,0,2,0.5862,0,0.3519,88,0,80.0
ratio_30pct,ratio_sweep,2781,treatment,1,1,0.7342,0,0.0,49,0,105.0
ratio_30pct,ratio_sweep,2781,treatment,2,1,0.6523,0,0.0,42,0,115.0
ratio_30pct,ratio_sweep,2781,treatment,3,0,0,0,0,0,0,0
ratio_30pct,ratio_sweep,2781,treatment,4,0,0,0,0,0,0,0
ratio_30pct,ratio_sweep,2918,control,0,3,0.6728,0,0.3849,152,2,88.67
ratio_30pct,ratio_sweep,2918,control,1,0,0,0,0,0,0,0
ratio_30pct,ratio_sweep,2918,control,2,0,0,0,0,0,0,0
ratio_30pct,ratio_sweep,2918,control,3,0,0,0,0,0,0,0
ratio_30pct,ratio_sweep,2918,control,4,0,0,0,0,0,0,0
ratio_30pct,ratio_sweep,2918,treatment,0,5,0.6637,0,0.318,216,1,98.6
ratio_30pct,ratio_sweep,2918,treatment,1,3,0.659,0,0.3286,124,1,96.67
ratio_30pct,ratio_sweep,2918,treatment,2,0,0,0,0,0,0,0
ratio_30pct,ratio_sweep,2918,treatment,3,2,0.6344,0,0.3644,61,0,42.0
ratio_30pct,ratio_sweep,2918,treatment,4,0,0,0,0,0,0,0
ratio_30pct,ratio_sweep,3055,control,0,1,0.7904,0,0.0,50,1,60.0
ratio_30pct,ratio_sweep,3055,control,1,0,0,0,0,0,0,0
ratio_30pct,ratio_sweep,3055,control,2,0,0,0,0,0,0,0
ratio_30pct,ratio_sweep,3055,control,3,0,0,0,0,0,0,0
ratio_30pct,ratio_sweep,3055,control,4,0,0,0,0,0,0,0
ratio_30pct,ratio_sweep,3055,treatment,0,2,0.6241,0,0.3446,88,0,80.0
ratio_30pct,ratio_sweep,3055,treatment,1,1,0.7051,0,0.0,38,0,35.0
ratio_30pct,ratio_sweep,3055,treatment,2,4,0.6588,0,0.3261,175,1,102.5
ratio_30pct,ratio_sweep,3055,treatment,3,4,0.7115,0,0.1881,167,0,99.5
ratio_30pct,ratio_sweep,3055,treatment,4,3,0.6306,0,0.2978,140,1,92.67
ratio_30pct,ratio_sweep,3192,control,0,0,0,0,0,0,0,0
ratio_30pct,ratio_sweep,3192,control,1,1,0.5824,0,0.0,50,0,100.0
ratio_30pct,ratio_sweep,3192,control,2,0,0,0,0,0,0,0
ratio_30pct,ratio_sweep,3192,control,3,0,0,0,0,0,0,0
ratio_30pct,ratio_sweep,3192,control,4,0,0,0,0,0,0,0
ratio_30pct,ratio_sweep,3192,treatment,0,5,0.6175,0,0.3372,215,0,100.0
ratio_30pct,ratio_sweep,3192,treatment,1,4,0.6098,0,0.273,175,0,101.25
ratio_30pct,ratio_sweep,3192,treatment,2,8,0.6233,0,0.2587,345,2,91.88
ratio_30pct,ratio_sweep,3192,treatment,3,2,0.6146,0,0.4291,91,0,92.5
ratio_30pct,ratio_sweep,3192,treatment,4,2,0.5842,0,0.3205,80,1,54.0
ratio_30pct,ratio_sweep,3329,control,0,2,0.6823,0,0.3212,103,1,110.0
ratio_30pct,ratio_sweep,3329,control,1,1,0.4703,0,0.0,32,0,103.0
ratio_30pct,ratio_sweep,3329,control,2,3,0.6175,0,0.3583,152,1,100.0
ratio_30pct,ratio_sweep,3329,control,3,0,0,0,0,0,0,0
ratio_30pct,ratio_sweep,3329,control,4,0,0,0,0,0,0,0
ratio_30pct,ratio_sweep,3329,treatment,0,4,0.6776,0,0.2782,161,0,78.75
ratio_30pct,ratio_sweep,3329,treatment,1,5,0.6867,0,0.2589,226,1,111.0
ratio_30pct,ratio_sweep,3329,treatment,2,8,0.7104,0,0.2292,324,0,103.12
ratio_30pct,ratio_sweep,3329,treatment,3,3,0.6874,0,0.2888,129,0,85.33
ratio_30pct,ratio_sweep,3329,treatment,4,1,0.7472,0,0.0,40,0,100.0
ratio_30pct,ratio_sweep,3466,control,0,2,0.629,0,0.2411,103,0,130.0
ratio_30pct,ratio_sweep,3466,control,1,1,0.6392,0,0.0,50,0,100.0
ratio_30pct,ratio_sweep,3466,control,2,1,0.6025,0,0.0,50,0,100.0
ratio_30pct,ratio_sweep,3466,control,3,3,0.695,0,0.3086,150,1,86.67
ratio_30pct,ratio_sweep,3466,control,4,1,0.7164,0,0.0,47,0,40.0
ratio_30pct,ratio_sweep,3466,treatment,0,3,0.6205,0,0.3244,125,0,83.33
ratio_30pct,ratio_sweep,3466,treatment,1,0,0,0,0,0,0,0
ratio_30pct,ratio_sweep,3466,treatment,2,1,0.6864,0,0.0,44,0,5.0
ratio_30pct,ratio_sweep,3466,treatment,3,1,0.6307,0,0.0,45,0,100.0
ratio_30pct,ratio_sweep,3466,treatment,4,0,0,0,0,0,0,0
ratio_30pct,ratio_sweep,3603,control,0,0,0,0,0,0,0,0
ratio_30pct,ratio_sweep,3603,control,1,0,0,0,0,0,0,0
ratio_30pct,ratio_sweep,3603,control,2,0,0,0,0,0,0,0
ratio_30pct,ratio_sweep,3603,control,3,0,0,0,0,0,0,0
ratio_30pct,ratio_sweep,3603,control,4,0,0,0,0,0,0,0
ratio_30pct,ratio_sweep,3603,treatment,0,3,0.6238,0,0.2725,125,1,111.67
ratio_30pct,ratio_sweep,3603,treatment,1,6,0.6379,0,0.3537,268,1,92.5
ratio_30pct,ratio_sweep,3603,treatment,2,2,0.564,0,0.3313,84,0,115.0
ratio_30pct,ratio_sweep,3603,treatment,3,8,0.6281,0,0.2505,307,3,98.88
ratio_30pct,ratio_sweep,3603,treatment,4,0,0,0,0,0,0,0
ratio_30pct,ratio_sweep,3740,control,0,2,0.6394,0,0.1648,101,0,110.0
ratio_30pct,ratio_sweep,3740,control,1,2,0.5952,0,0.303,101,0,110.0
ratio_30pct,ratio_sweep,3740,control,2,1,0.6243,0,0.0,50,0,100.0
ratio_30pct,ratio_sweep,3740,control,3,0,0,0,0,0,0,0
ratio_30pct,ratio_sweep,3740,control,4,0,0,0,0,0,0,0
ratio_30pct,ratio_sweep,3740,treatment,0,6,0.6149,0,0.3181,260,0,106.5
ratio_30pct,ratio_sweep,3740,treatment,1,6,0.6729,0,0.2789,242,1,105.0
ratio_30pct,ratio_sweep,3740,treatment,2,4,0.516,0,0.2183,100,3,66.0
ratio_30pct,ratio_sweep,3740,treatment,3,1,0.7342,0,0.0,50,0,105.0
ratio_30pct,ratio_sweep,3740,treatment,4,3,0.6487,0,0.262,86,3,77.67
ratio_30pct,ratio_sweep,3877,control,0,0,0,0,0,0,0,0
ratio_30pct,ratio_sweep,3877,control,1,0,0,0,0,0,0,0
ratio_30pct,ratio_sweep,3877,control,2,0,0,0,0,0,0,0
ratio_30pct,ratio_sweep,3877,control,3,0,0,0,0,0,0,0
ratio_30pct,ratio_sweep,3877,control,4,0,0,0,0,0,0,0
ratio_30pct,ratio_sweep,3877,treatment,0,4,0.5935,0,0.3493,174,0,78.75
ratio_30pct,ratio_sweep,3877,treatment,1,2,0.6344,0,0.3963,84,0,77.5
ratio_30pct,ratio_sweep,3877,treatment,2,1,0.6719,0,0.0,40,0,50.0
ratio_30pct,ratio_sweep,3877,treatment,3,3,0.7306,0,0.1774,128,1,95.0
ratio_30pct,ratio_sweep,3877,treatment,4,0,0,0,0,0,0,0
ratio_30pct,ratio_sweep,4014,control,0,0,0,0,0,0,0,0
ratio_30pct,ratio_sweep,4014,control,1,0,0,0,0,0,0,0
ratio_30pct,ratio_sweep,4014,control,2,0,0,0,0,0,0,0
ratio_30pct,ratio_sweep,4014,control,3,0,0,0,0,0,0,0
ratio_30pct,ratio_sweep,4014,control,4,0,0,0,0,0,0,0
ratio_30pct,ratio_sweep,4014,treatment,0,5,0.6306,0,0.3602,212,1,64.0
ratio_30pct,ratio_sweep,4014,treatment,1,2,0.5871,0,0.3226,86,0,72.5
ratio_30pct,ratio_sweep,4014,treatment,2,0,0,0,0,0,0,0
ratio_30pct,ratio_sweep,4014,treatment,3,2,0.7072,0,0.2086,88,0,67.5
ratio_30pct,ratio_sweep,4014,treatment,4,0,0,0,0,0,0,0
ratio_30pct,ratio_sweep,4151,control,0,0,0,0,0,0,0,0
ratio_30pct,ratio_sweep,4151,control,1,2,0.5666,0,0.3769,100,0,100.0
ratio_30pct,ratio_sweep,4151,control,2,1,0.7126,0,0.0,53,2,80.0
ratio_30pct,ratio_sweep,4151,control,3,1,0.6806,0,0.0,50,0,100.0
ratio_30pct,ratio_sweep,4151,control,4,0,0,0,0,0,0,0
ratio_30pct,ratio_sweep,4151,treatment,0,7,0.6193,0,0.324,280,0,81.43
ratio_30pct,ratio_sweep,4151,treatment,1,5,0.6028,0,0.32,189,0,96.8
ratio_30pct,ratio_sweep,4151,treatment,2,7,0.6725,0,0.2874,289,3,99.0
ratio_30pct,ratio_sweep,4151,treatment,3,5,0.6368,0,0.2841,198,0,91.4
ratio_30pct,ratio_sweep,4151,treatment,4,4,0.5583,0,0.2398,129,1,106.0
ratio_30pct,ratio_sweep,4288,control,0,0,0,0,0,0,0,0
ratio_30pct,ratio_sweep,4288,control,1,0,0,0,0,0,0,0
ratio_30pct,ratio_sweep,4288,control,2,1,0.6467,0,0.0,48,0,60.0
ratio_30pct,ratio_sweep,4288,control,3,0,0,0,0,0,0,0
ratio_30pct,ratio_sweep,4288,control,4,0,0,0,0,0,0,0
ratio_30pct,ratio_sweep,4288,treatment,0,3,0.6519,0,0.2707,134,2,106.67
ratio_30pct,ratio_sweep,4288,treatment,1,4,0.5524,0,0.297,150,0,75.0
ratio_30pct,ratio_sweep,4288,treatment,2,1,0.6012,0,0.0,42,0,90.0
ratio_30pct,ratio_sweep,4288,treatment,3,2,0.6056,0,0.0,74,1,84.0
ratio_30pct,ratio_sweep,4288,treatment,4,0,0,0,0,0,0,0
ratio_30pct,ratio_sweep,4425,control,0,1,0.6268,0,0.0,49,1,40.0
ratio_30pct,ratio_sweep,4425,control,1,0,0,0,0,0,0,0
ratio_30pct,ratio_sweep,4425,control,2,0,0,0,0,0,0,0
ratio_30pct,ratio_sweep,4425,control,3,0,0,0,0,0,0,0
ratio_30pct,ratio_sweep,4425,control,4,0,0,0,0,0,0,0
ratio_30pct,ratio_sweep,4425,treatment,0,8,0.585,0,0.2498,342,1,104.0
ratio_30pct,ratio_sweep,4425,treatment,1,0,0,0,0,0,0,0
ratio_30pct,ratio_sweep,4425,treatment,2,3,0.6385,0,0.2227,128,0,103.33
ratio_30pct,ratio_sweep,4425,treatment,3,4,0.6924,0,0.2652,140,2,105.75
ratio_30pct,ratio_sweep,4425,treatment,4,0,0,0,0,0,0,0
ratio_30pct,ratio_sweep,4562,control,0,1,0.71,0,0.0,49,0,80.0
ratio_30pct,ratio_sweep,4562,control,1,0,0,0,0,0,0,0
ratio_30pct,ratio_sweep,4562,control,2,0,0,0,0,0,0,0
ratio_30pct,ratio_sweep,4562,control,3,0,0,0,0,0,0,0
ratio_30pct,ratio_sweep,4562,control,4,0,0,0,0,0,0,0
ratio_30pct,ratio_sweep,4562,treatment,0,5,0.6018,0,0.2545,200,0,70.0
ratio_30pct,ratio_sweep,4562,treatment,1,4,0.6711,0,0.2436,170,0,100.5
ratio_30pct,ratio_sweep,4562,treatment,2,2,0.7216,0,0.2005,81,0,97.5
ratio_30pct,ratio_sweep,4562,treatment,3,0,0,0,0,0,0,0
ratio_30pct,ratio_sweep,4562,treatment,4,1,0.6295,0,0.0,23,0,51.0
ratio_30pct,ratio_sweep,4699,control,0,1,0.7139,0,0.0,48,1,20.0
ratio_30pct,ratio_sweep,4699,control,1,2,0.6701,0,0.2383,101,1,90.0
ratio_30pct,ratio_sweep,4699,control,2,0,0,0,0,0,0,0
ratio_30pct,ratio_sweep,4699,control,3,1,0.7496,0,0.0,50,0,100.0
ratio_30pct,ratio_sweep,4699,control,4,3,0.7328,0,0.1148,148,0,92.33
ratio_30pct,ratio_sweep,4699,treatment,0,7,0.6333,0,0.2865,284,0,82.86
ratio_30pct,ratio_sweep,4699,treatment,1,6,0.5984,0,0.1947,240,0,87.5
ratio_30pct,ratio_sweep,4699,treatment,2,7,0.6271,0,0.1833,296,0,77.86
ratio_30pct,ratio_sweep,4699,treatment,3,3,0.5886,0,0.281,129,0,63.33
ratio_30pct,ratio_sweep,4699,treatment,4,5,0.6164,0,0.2523,202,0,96.3
ratio_30pct,ratio_sweep,4836,control,0,1,0.5736,0,0.0,49,0,80.0
ratio_30pct,ratio_sweep,4836,control,1,0,0,0,0,0,0,0
ratio_30pct,ratio_sweep,4836,control,2,0,0,0,0,0,0,0
ratio_30pct,ratio_sweep,4836,control,3,0,0,0,0,0,0,0
ratio_30pct,ratio_sweep,4836,control,4,0,0,0,0,0,0,0
ratio_30pct,ratio_sweep,4836,treatment,0,4,0.6352,0,0.3419,168,0,96.25
ratio_30pct,ratio_sweep,4836,treatment,1,7,0.6557,0,0.283,289,1,87.86
ratio_30pct,ratio_sweep,4836,treatment,2,4,0.7112,0,0.1687,168,1,81.25
ratio_30pct,ratio_sweep,4836,treatment,3,1,0.7307,0,0.0,42,0,90.0
ratio_30pct,ratio_sweep,4836,treatment,4,3,0.7382,0,0.1137,127,0,105.0
ratio_30pct,ratio_sweep,4973,control,0,4,0.5917,0,0.2142,113,3,94.25
ratio_30pct,ratio_sweep,4973,control,1,0,0,0,0,0,0,0
ratio_30pct,ratio_sweep,4973,control,2,0,0,0,0,0,0,0
ratio_30pct,ratio_sweep,4973,control,3,1,0.6946,0,0.0,49,0,80.0
ratio_30pct,ratio_sweep,4973,control,4,0,0,0,0,0,0,0
ratio_30pct,ratio_sweep,4973,treatment,0,9,0.6197,0,0.3088,336,4,92.33
ratio_30pct,ratio_sweep,4973,treatment,1,8,0.6201,0,0.305,315,1,104.0
ratio_30pct,ratio_sweep,4973,treatment,2,7,0.6229,0,0.199,255,3,89.86
ratio_30pct,ratio_sweep,4973,treatment,3,5,0.6095,0,0.2974,176,0,105.2
ratio_30pct,ratio_sweep,4973,treatment,4,3,0.6344,0,0.2848,127,0,105.0
ratio_5pct,ratio_sweep,1000,control,0,2,0.6915,0,0.3606,101,0,110.0
ratio_5pct,ratio_sweep,1000,control,1,1,0.5665,0,0.0,47,0,40.0
ratio_5pct,ratio_sweep,1000,control,2,4,0.6602,0,0.2881,126,3,106.5
ratio_5pct,ratio_sweep,1000,control,3,0,0,0,0,0,0,0
ratio_5pct,ratio_sweep,1000,control,4,2,0.6379,0,0.2367,81,1,56.0
ratio_5pct,ratio_sweep,1000,treatment,0,3,0.55,0,0.2309,96,0,66.33
ratio_5pct,ratio_sweep,1000,treatment,1,1,0.6887,0,0.0,49,0,90.0
ratio_5pct,ratio_sweep,1000,treatment,2,0,0,0,0,0,0,0
ratio_5pct,ratio_sweep,1000,treatment,3,1,0.5513,0,0.0,50,0,100.0
ratio_5pct,ratio_sweep,1000,treatment,4,0,0,0,0,0,0,0
ratio_5pct,ratio_sweep,1137,control,0,1,0.697,0,0.0,47,0,40.0
ratio_5pct,ratio_sweep,1137,control,1,1,0.6773,0,0.0,46,0,20.0
ratio_5pct,ratio_sweep,1137,control,2,0,0,0,0,0,0,0
ratio_5pct,ratio_sweep,1137,control,3,1,0.7195,0,0.0,49,0,80.0
ratio_5pct,ratio_sweep,1137,control,4,0,0,0,0,0,0,0
ratio_5pct,ratio_sweep,1137,treatment,0,0,0,0,0,0,0,0
ratio_5pct,ratio_sweep,1137,treatment,1,0,0,0,0,0,0,0
ratio_5pct,ratio_sweep,1137,treatment,2,1,0.6027,0,0.0,47,0,40.0
ratio_5pct,ratio_sweep,1137,treatment,3,0,0,0,0,0,0,0
ratio_5pct,ratio_sweep,1137,treatment,4,0,0,0,0,0,0,0
ratio_5pct,ratio_sweep,1274,control,0,3,0.6735,0,0.3471,150,1,86.67
ratio_5pct,ratio_sweep,1274,control,1,0,0,0,0,0,0,0
ratio_5pct,ratio_sweep,1274,control,2,1,0.7391,0,0.0,50,0,100.0
ratio_5pct,ratio_sweep,1274,control,3,1,0.7491,0,0.0,51,0,120.0
ratio_5pct,ratio_sweep,1274,control,4,1,0.7391,0,0.0,50,0,100.0
ratio_5pct,ratio_sweep,1274,treatment,0,2,0.6771,0,0.1989,99,1,95.0
ratio_5pct,ratio_sweep,1274,treatment,1,1,0.5227,0,0.0,47,0,40.0
ratio_5pct,ratio_sweep,1274,treatment,2,0,0,0,0,0,0,0
ratio_5pct,ratio_sweep,1274,treatment,3,0,0,0,0,0,0,0
ratio_5pct,ratio_sweep,1274,treatment,4,0,0,0,0,0,0,0
ratio_5pct,ratio_sweep,1411,control,0,0,0,0,0,0,0,0
ratio_5pct,ratio_sweep,1411,control,1,1,0.6386,0,0.0,50,0,100.0
ratio_5pct,ratio_sweep,1411,control,2,2,0.6479,0,0.2781,100,0,100.0
ratio_5pct,ratio_sweep,1411,control,3,0,0,0,0,0,0,0
ratio_5pct,ratio_sweep,1411,control,4,1,0.6743,0,0.0,44,0,141.0
ratio_5pct,ratio_sweep,1411,treatment,0,2,0.5561,0,0.3653,74,0,94.0
ratio_5pct,ratio_sweep,1411,treatment,1,0,0,0,0,0,0,0
ratio_5pct,ratio_sweep,1411,treatment,2,0,0,0,0,0,0,0
ratio_5pct,ratio_sweep,1411,treatment,3,0,0,0,0,0,0,0
ratio_5pct,ratio_sweep,1411,treatment,4,1,0.7256,0,0.0,51,0,120.0
ratio_5pct,ratio_sweep,1548,control,0,1,0.5831,0,0.0,50,0,100.0
ratio_5pct,ratio_sweep,1548,control,1,3,0.7228,0,0.34,153,3,80.0
ratio_5pct,ratio_sweep,1548,control,2,0,0,0,0,0,0,0
ratio_5pct,ratio_sweep,1548,control,3,0,0,0,0,0,0,0
ratio_5pct,ratio_sweep,1548,control,4,0,0,0,0,0,0,0
ratio_5pct,ratio_sweep,1548,treatment,0,2,0.6368,0,0.3502,100,0,100.0
ratio_5pct,ratio_sweep,1548,treatment,1,1,0.5347,0,0.0,46,0,20.0
ratio_5pct,ratio_sweep,1548,treatment,2,1,0.5845,0,0.0,51,0,120.0
ratio_5pct,ratio_sweep,1548,treatment,3,0,0,0,0,0,0,0
ratio_5pct,ratio_sweep,1548,treatment,4,0,0,0,0,0,0,0
ratio_5pct,ratio_sweep,1685,control,0,1,0.5613,0,0.0,49,0,89.0
ratio_5pct,ratio_sweep,1685,control,1,1,0.6102,0,0.0,44,0,60.0
ratio_5pct,ratio_sweep,1685,control,2,1,0.8054,0,0.0,54,2,100.0
ratio_5pct,ratio_sweep,1685,control,3,0,0,0,0,0,0,0
ratio_5pct,ratio_sweep,1685,control,4,0,0,0,0,0,0,0
ratio_5pct,ratio_sweep,1685,treatment,0,0,0,0,0,0,0,0
ratio_5pct,ratio_sweep,1685,treatment,1,0,0,0,0,0,0,0
ratio_5pct,ratio_sweep,1685,treatment,2,0,0,0,0,0,0,0
ratio_5pct,ratio_sweep,1685,treatment,3,0,0,0,0,0,0,0
ratio_5pct,ratio_sweep,1685,treatment,4,0,0,0,0,0,0,0
ratio_5pct,ratio_sweep,1822,control,0,0,0,0,0,0,0,0
ratio_5pct,ratio_sweep,1822,control,1,1,0.6894,0,0.0,32,0,69.0
ratio_5pct,ratio_sweep,1822,control,2,2,0.7241,0,0.3038,103,1,110.0
ratio_5pct,ratio_sweep,1822,control,3,0,0,0,0,0,0,0
ratio_5pct,ratio_sweep,1822,control,4,0,0,0,0,0,0,0
ratio_5pct,ratio_sweep,1822,treatment,0,0,0,0,0,0,0,0
ratio_5pct,ratio_sweep,1822,treatment,1,0,0,0,0,0,0,0
ratio_5pct,ratio_sweep,1822,treatment,2,0,0,0,0,0,0,0
ratio_5pct,ratio_sweep,1822,treatment,3,0,0,0,0,0,0,0
ratio_5pct,ratio_sweep,1822,treatment,4,0,0,0,0,0,0,0
ratio_5pct,ratio_sweep,1959,control,0,2,0.6179,0,0.211,95,0,108.5
ratio_5pct,ratio_sweep,1959,control,1,0,0,0,0,0,0,0
ratio_5pct,ratio_sweep,1959,control,2,3,0.712,0,0.267,162,7,103.67
ratio_5pct,ratio_sweep,1959,control,3,1,0.6836,0,0.0,53,1,120.0
ratio_5pct,ratio_sweep,1959,control,4,0,0,0,0,0,0,0
ratio_5pct,ratio_sweep,1959,treatment,0,1,0.5762,0,0.0,50,0,100.0
ratio_5pct,ratio_sweep,1959,treatment,1,0,0,0,0,0,0,0
ratio_5pct,ratio_sweep,1959,treatment,2,0,0,0,0,0,0,0
ratio_5pct,ratio_sweep,1959,treatment,3,0,0,0,0,0,0,0
ratio_5pct,ratio_sweep,1959,treatment,4,0,0,0,0,0,0,0
ratio_5pct,ratio_sweep,2096,control,0,2,0.678,0,0.3787,103,1,110.5
ratio_5pct,ratio_sweep,2096,control,1,0,0,0,0,0,0,0
ratio_5pct,ratio_sweep,2096,control,2,0,0,0,0,0,0,0
ratio_5pct,ratio_sweep,2096,control,3,0,0,0,0,0,0,0
ratio_5pct,ratio_sweep,2096,control,4,0,0,0,0,0,0,0
ratio_5pct,ratio_sweep,2096,treatment,0,1,0.7747,0,0.0,50,1,110.0
ratio_5pct,ratio_sweep,2096,treatment,1,1,0.5572,0,0.0,46,0,19.0
ratio_5pct,ratio_sweep,2096,treatment,2,2,0.6479,0,0.4328,97,0,62.5
ratio_5pct,ratio_sweep,2096,treatment,3,0,0,0,0,0,0,0
ratio_5pct,ratio_sweep,2096,treatment,4,0,0,0,0,0,0,0
ratio_5pct,ratio_sweep,2233,control,0,1,0.6891,0,0.0,52,1,100.0
ratio_5pct,ratio_sweep,2233,control,1,0,0,0,0,0,0,0
ratio_5pct,ratio_sweep,2233,control,2,0,0,0,0,0,0,0
ratio_5pct,ratio_sweep,2233,control,3,0,0,0,0,0,0,0
ratio_5pct,ratio_sweep,2233,control,4,0,0,0,0,0,0,0
ratio_5pct,ratio_sweep,2233,treatment,0,2,0.6923,0,0.452,101,0,110.0
ratio_5pct,ratio_sweep,2233,treatment,1,3,0.5146,0,0.112,91,2,68.67
ratio_5pct,ratio_sweep,2233,treatment,2,4,0.5716,0,0.3025,162,1,87.75
ratio_5pct,ratio_sweep,2233,treatment,3,1,0.7826,0,0.0,52,1,100.0
ratio_5pct,ratio_sweep,2233,treatment,4,0,0,0,0,0,0,0
ratio_5pct,ratio_sweep,2370,control,0,2,0.6876,0,0.2939,98,0,80.0
ratio_5pct,ratio_sweep,2370,control,1,0,0,0,0,0,0,0
ratio_5pct,ratio_sweep,2370,control,2,1,0.5513,0,0.0,50,0,100.0
ratio_5pct,ratio_sweep,2370,control,3,0,0,0,0,0,0,0
ratio_5pct,ratio_sweep,2370,control,4,0,0,0,0,0,0,0
ratio_5pct,ratio_sweep,2370,treatment,0,2,0.616,0,0.2271,90,1,59.5
ratio_5pct,ratio_sweep,2370,treatment,1,1,0.5435,0,0.0,49,0,80.0
ratio_5pct,ratio_sweep,2370,treatment,2,2,0.6821,0,0.2771,97,0,70.0
ratio_5pct,ratio_sweep,2370,treatment,3,1,0.6981,0,0.0,47,1,5.0
ratio_5pct,ratio_sweep,2370,treatment,4,0,0,0,0,0,0,0
ratio_5pct,ratio_sweep,2507,control,0,1,0.663,0,0.0,50,0,100.0
ratio_5pct,ratio_sweep,2507,control,1,0,0,0,0,0,0,0
ratio_5pct,ratio_sweep,2507,control,2,0,0,0,0,0,0,0
ratio_5pct,ratio_sweep,2507,control,3,0,0,0,0,0,0,0
ratio_5pct,ratio_sweep,2507,control,4,0,0,0,0,0,0,0
ratio_5pct,ratio_sweep,2507,treatment,0,2,0.5578,0,0.4399,95,0,62.5
ratio_5pct,ratio_sweep,2507,treatment,1,0,0,0,0,0,0,0
ratio_5pct,ratio_sweep,2507,treatment,2,0,0,0,0,0,0,0
ratio_5pct,ratio_sweep,2507,treatment,3,1,0.7738,0,0.0,45,1,112.0
ratio_5pct,ratio_sweep,2507,treatment,4,0,0,0,0,0,0,0
ratio_5pct,ratio_sweep,2644,control,0,1,0.5908,0,0.0,49,0,80.0
ratio_5pct,ratio_sweep,2644,control,1,1,0.6,0,0.0,50,0,100.0
ratio_5pct,ratio_sweep,2644,control,2,0,0,0,0,0,0,0
ratio_5pct,ratio_sweep,2644,control,3,0,0,0,0,0,0,0
ratio_5pct,ratio_sweep,2644,control,4,0,0,0,0,0,0,0
ratio_5pct,ratio_sweep,2644,treatment,0,0,0,0,0,0,0,0
ratio_5pct,ratio_sweep,2644,treatment,1,1,0.6,0,0.0,50,0,100.0
ratio_5pct,ratio_sweep,2644,treatment,2,0,0,0,0,0,0,0
ratio_5pct,ratio_sweep,2644,treatment,3,0,0,0,0,0,0,0
ratio_5pct,ratio_sweep,2644,treatment,4,0,0,0,0,0,0,0
ratio_5pct,ratio_sweep,2781,control,0,1,0.5589,0,0.0,50,0,100.0
ratio_5pct,ratio_sweep,2781,control,1,1,0.711,0,0.0,50,0,100.0
ratio_5pct,ratio_sweep,2781,control,2,0,0,0,0,0,0,0
ratio_5pct,ratio_sweep,2781,control,3,0,0,0,0,0,0,0
ratio_5pct,ratio_sweep,2781,control,4,0,0,0,0,0,0,0
ratio_5pct,ratio_sweep,2781,treatment,0,2,0.7061,0,0.3245,97,0,107.5
ratio_5pct,ratio_sweep,2781,treatment,1,0,0,0,0,0,0,0
ratio_5pct,ratio_sweep,2781,treatment,2,4,0.6708,0,0.2804,196,0,95.5
ratio_5pct,ratio_sweep,2781,treatment,3,2,0.6337,0,0.2072,98,0,80.0
ratio_5pct,ratio_sweep,2781,treatment,4,0,0,0,0,0,0,0
ratio_5pct,ratio_sweep,2918,control,0,3,0.6728,0,0.3849,152,2,88.67
ratio_5pct,ratio_sweep,2918,control,1,0,0,0,0,0,0,0
ratio_5pct,ratio_sweep,2918,control,2,0,0,0,0,0,0,0
ratio_5pct,ratio_sweep,2918,control,3,0,0,0,0,0,0,0
ratio_5pct,ratio_sweep,2918,control,4,0,0,0,0,0,0,0
ratio_5pct,ratio_sweep,2918,treatment,0,4,0.7155,0,0.3127,201,1,109.0
ratio_5pct,ratio_sweep,2918,treatment,1,0,0,0,0,0,0,0
ratio_5pct,ratio_sweep,2918,treatment,2,0,0,0,0,0,0,0
ratio_5pct,ratio_sweep,2918,treatment,3,0,0,0,0,0,0,0
ratio_5pct,ratio_sweep,2918,treatment,4,0,0,0,0,0,0,0
ratio_5pct,ratio_sweep,3055,control,0,1,0.7904,0,0.0,50,1,60.0
ratio_5pct,ratio_sweep,3055,control,1,0,0,0,0,0,0,0
ratio_5pct,ratio_sweep,3055,control,2,0,0,0,0,0,0,0
ratio_5pct,ratio_sweep,3055,control,3,0,0,0,0,0,0,0
ratio_5pct,ratio_sweep,3055,control,4,0,0,0,0,0,0,0
ratio_5pct,ratio_sweep,3055,treatment,0,0,0,0,0,0,0,0
ratio_5pct,ratio_sweep,3055,treatment,1,1,0.5906,0,0.0,48,0,60.0
ratio_5pct,ratio_sweep,3055,treatment,2,0,0,0,0,0,0,0
ratio_5pct,ratio_sweep,3055,treatment,3,1,0.6422,0,0.0,50,0,100.0
ratio_5pct,ratio_sweep,3055,treatment,4,0,0,0,0,0,0,0
ratio_5pct,ratio_sweep,3192,control,0,0,0,0,0,0,0,0
ratio_5pct,ratio_sweep,3192,control,1,1,0.5824,0,0.0,50,0,100.0
ratio_5pct,ratio_sweep,3192,control,2,0,0,0,0,0,0,0
ratio_5pct,ratio_sweep,3192,control,3,0,0,0,0,0,0,0
ratio_5pct,ratio_sweep,3192,control,4,0,0,0,0,0,0,0
ratio_5pct,ratio_sweep,3192,treatment,0,3,0.61,0,0.316,149,0,93.33
ratio_5pct,ratio_sweep,3192,treatment,1,0,0,0,0,0,0,0
ratio_5pct,ratio_sweep,3192,treatment,2,0,0,0,0,0,0,0
ratio_5pct,ratio_sweep,3192,treatment,3,1,0.5932,0,0.0,49,0,55.0
ratio_5pct,ratio_sweep,3192,treatment,4,0,0,0,0,0,0,0
ratio_5pct,ratio_sweep,3329,control,0,2,0.6823,0,0.3212,103,1,110.0
ratio_5pct,ratio_sweep,3329,control,1,1,0.4703,0,0.0,32,0,103.0
ratio_5pct,ratio_sweep,3329,control,2,3,0.6175,0,0.3583,152,1,100.0
ratio_5pct,ratio_sweep,3329,control,3,0,0,0,0,0,0,0
ratio_5pct,ratio_sweep,3329,control,4,0,0,0,0,0,0,0
ratio_5pct,ratio_sweep,3329,treatment,0,2,0.6014,0,0.2497,97,0,70.0
ratio_5pct,ratio_sweep,3329,treatment,1,1,0.7395,0,0.0,46,0,120.0
ratio_5pct,ratio_sweep,3329,treatment,2,0,0,0,0,0,0,0
ratio_5pct,ratio_sweep,3329,treatment,3,0,0,0,0,0,0,0
ratio_5pct,ratio_sweep,3329,treatment,4,0,0,0,0,0,0,0
ratio_5pct,ratio_sweep,3466,control,0,2,0.629,0,0.2411,103,0,130.0
ratio_5pct,ratio_sweep,3466,control,1,1,0.6392,0,0.0,50,0,100.0
ratio_5pct,ratio_sweep,3466,control,2,1,0.6025,0,0.0,50,0,100.0
ratio_5pct,ratio_sweep,3466,control,3,3,0.695,0,0.3086,150,1,86.67
ratio_5pct,ratio_sweep,3466,control,4,1,0.7164,0,0.0,47,0,40.0
ratio_5pct,ratio_sweep,3466,treatment,0,1,0.7114,0,0.0,44,0,55.0
ratio_5pct,ratio_sweep,3466,treatment,1,0,0,0,0,0,0,0
ratio_5pct,ratio_sweep,3466,treatment,2,0,0,0,0,0,0,0
ratio_5pct,ratio_sweep,3466,treatment,3,0,0,0,0,0,0,0
ratio_5pct,ratio_sweep,3466,treatment,4,0,0,0,0,0,0,0
ratio_5pct,ratio_sweep,3603,control,0,0,0,0,0,0,0,0
ratio_5pct,ratio_sweep,3603,control,1,0,0,0,0,0,0,0
ratio_5pct,ratio_sweep,3603,control,2,0,0,0,0,0,0,0
ratio_5pct,ratio_sweep,3603,control,3,0,0,0,0,0,0,0
ratio_5pct,ratio_sweep,3603,control,4,0,0,0,0,0,0,0
ratio_5pct,ratio_sweep,3603,treatment,0,1,0.5375,0,0.0,48,0,60.0
ratio_5pct,ratio_sweep,3603,treatment,1,1,0.5786,0,0.0,50,0,100.0
ratio_5pct,ratio_sweep,3603,treatment,2,0,0,0,0,0,0,0
ratio_5pct,ratio_sweep,3603,treatment,3,0,0,0,0,0,0,0
ratio_5pct,ratio_sweep,3603,treatment,4,0,0,0,0,0,0,0
ratio_5pct,ratio_sweep,3740,control,0,2,0.6394,0,0.1648,101,0,110.0
ratio_5pct,ratio_sweep,3740,control,1,2,0.5952,0,0.303,101,0,110.0
ratio_5pct,ratio_sweep,3740,control,2,1,0.6243,0,0.0,50,0,100.0
ratio_5pct,ratio_sweep,3740,control,3,0,0,0,0,0,0,0
ratio_5pct,ratio_sweep,3740,control,4,0,0,0,0,0,0,0
ratio_5pct,ratio_sweep,3740,treatment,0,4,0.6516,0,0.2911,197,0,96.25
ratio_5pct,ratio_sweep,3740,treatment,1,1,0.7143,0,0.0,49,1,40.0
ratio_5pct,ratio_sweep,3740,treatment,2,1,0.6516,0,0.0,52,1,107.0
ratio_5pct,ratio_sweep,3740,treatment,3,2,0.6537,0,0.3264,74,0,68.5
ratio_5pct,ratio_sweep,3740,treatment,4,1,0.5383,0,0.0,46,0,20.0
ratio_5pct,ratio_sweep,3877,control,0,0,0,0,0,0,0,0
ratio_5pct,ratio_sweep,3877,control,1,0,0,0,0,0,0,0
ratio_5pct,ratio_sweep,3877,control,2,0,0,0,0,0,0,0
ratio_5pct,ratio_sweep,3877,control,3,0,0,0,0,0,0,0
ratio_5pct,ratio_sweep,3877,control,4,0,0,0,0,0,0,0
ratio_5pct,ratio_sweep,3877,treatment,0,1,0.6569,0,0.0,46,0,20.0
ratio_5pct,ratio_sweep,3877,treatment,1,0,0,0,0,0,0,0
ratio_5pct,ratio_sweep,3877,treatment,2,0,0,0,0,0,0,0
ratio_5pct,ratio_sweep,3877,treatment,3,0,0,0,0,0,0,0
ratio_5pct,ratio_sweep,3877,treatment,4,0,0,0,0,0,0,0
ratio_5pct,ratio_sweep,4014,control,0,0,0,0,0,0,0,0
ratio_5pct,ratio_sweep,4014,control,1,0,0,0,0,0,0,0
ratio_5pct,ratio_sweep,4014,control,2,0,0,0,0,0,0,0
ratio_5pct,ratio_sweep,4014,control,3,0,0,0,0,0,0,0
ratio_5pct,ratio_sweep,4014,control,4,0,0,0,0,0,0,0
ratio_5pct,ratio_sweep,4014,treatment,0,2,0.5752,0,0.2578,101,0,110.0
ratio_5pct,ratio_sweep,4014,treatment,1,0,0,0,0,0,0,0
ratio_5pct,ratio_sweep,4014,treatment,2,0,0,0,0,0,0,0
ratio_5pct,ratio_sweep,4014,treatment,3,0,0,0,0,0,0,0
ratio_5pct,ratio_sweep,4014,treatment,4,0,0,0,0,0,0,0
ratio_5pct,ratio_sweep,4151,control,0,0,0,0,0,0,0,0
ratio_5pct,ratio_sweep,4151,control,1,2,0.5666,0,0.3769,100,0,100.0
ratio_5pct,ratio_sweep,4151,control,2,1,0.7126,0,0.0,53,2,80.0
ratio_5pct,ratio_sweep,4151,control,3,1,0.6806,0,0.0,50,0,100.0
ratio_5pct,ratio_sweep,4151,control,4,0,0,0,0,0,0,0
ratio_5pct,ratio_sweep,4151,treatment,0,1,0.6559,0,0.0,52,1,100.0
ratio_5pct,ratio_sweep,4151,treatment,1,0,0,0,0,0,0,0
ratio_5pct,ratio_sweep,4151,treatment,2,0,0,0,0,0,0,0
ratio_5pct,ratio_sweep,4151,treatment,3,0,0,0,0,0,0,0
ratio_5pct,ratio_sweep,4151,treatment,4,0,0,0,0,0,0,0
ratio_5pct,ratio_sweep,4288,control,0,0,0,0,0,0,0,0
ratio_5pct,ratio_sweep,4288,control,1,0,0,0,0,0,0,0
ratio_5pct,ratio_sweep,4288,control,2,1,0.6467,0,0.0,48,0,60.0
ratio_5pct,ratio_sweep,4288,control,3,0,0,0,0,0,0,0
ratio_5pct,ratio_sweep,4288,control,4,0,0,0,0,0,0,0
ratio_5pct,ratio_sweep,4288,treatment,0,1,0.7266,0,0.0,51,0,120.0
ratio_5pct,ratio_sweep,4288,treatment,1,1,0.6983,0,0.0,50,0,100.0
ratio_5pct,ratio_sweep,4288,treatment,2,0,0,0,0,0,0,0
ratio_5pct,ratio_sweep,4288,treatment,3,0,0,0,0,0,0,0
ratio_5pct,ratio_sweep,4288,treatment,4,0,0,0,0,0,0,0
ratio_5pct,ratio_sweep,4425,control,0,1,0.6268,0,0.0,49,1,40.0
ratio_5pct,ratio_sweep,4425,control,1,0,0,0,0,0,0,0
ratio_5pct,ratio_sweep,4425,control,2,0,0,0,0,0,0,0
ratio_5pct,ratio_sweep,4425,control,3,0,0,0,0,0,0,0
ratio_5pct,ratio_sweep,4425,control,4,0,0,0,0,0,0,0
ratio_5pct,ratio_sweep,4425,treatment,0,0,0,0,0,0,0,0
ratio_5pct,ratio_sweep,4425,treatment,1,3,0.6307,0,0.3429,148,0,86.67
ratio_5pct,ratio_sweep,4425,treatment,2,2,0.6274,0,0.3596,102,0,120.0
ratio_5pct,ratio_sweep,4425,treatment,3,2,0.6406,0,0.3035,98,0,80.0
ratio_5pct,ratio_sweep,4425,treatment,4,0,0,0,0,0,0,0
ratio_5pct,ratio_sweep,4562,control,0,1,0.71,0,0.0,49,0,80.0
ratio_5pct,ratio_sweep,4562,control,1,0,0,0,0,0,0,0
ratio_5pct,ratio_sweep,4562,control,2,0,0,0,0,0,0,0
ratio_5pct,ratio_sweep,4562,control,3,0,0,0,0,0,0,0
ratio_5pct,ratio_sweep,4562,control,4,0,0,0,0,0,0,0
ratio_5pct,ratio_sweep,4562,treatment,0,3,0.6286,0,0.2779,121,0,110.67
ratio_5pct,ratio_sweep,4562,treatment,1,1,0.634,0,0.0,51,0,120.0
ratio_5pct,ratio_sweep,4562,treatment,2,1,0.6887,0,0.0,35,0,91.0
ratio_5pct,ratio_sweep,4562,treatment,3,0,0,0,0,0,0,0
ratio_5pct,ratio_sweep,4562,treatment,4,0,0,0,0,0,0,0
ratio_5pct,ratio_sweep,4699,control,0,1,0.7139,0,0.0,48,1,20.0
ratio_5pct,ratio_sweep,4699,control,1,2,0.6701,0,0.2383,101,1,90.0
ratio_5pct,ratio_sweep,4699,control,2,0,0,0,0,0,0,0
ratio_5pct,ratio_sweep,4699,control,3,1,0.7496,0,0.0,50,0,100.0
ratio_5pct,ratio_sweep,4699,control,4,3,0.7328,0,0.1148,148,0,92.33
ratio_5pct,ratio_sweep,4699,treatment,0,0,0,0,0,0,0,0
ratio_5pct,ratio_sweep,4699,treatment,1,2,0.6761,0,0.296,93,0,67.5
ratio_5pct,ratio_sweep,4699,treatment,2,2,0.7261,0,0.0622,101,0,110.0
ratio_5pct,ratio_sweep,4699,treatment,3,2,0.7262,0,0.3248,98,0,105.0
ratio_5pct,ratio_sweep,4699,treatment,4,2,0.7237,0,0.2683,95,0,100.0
ratio_5pct,ratio_sweep,4836,control,0,1,0.5736,0,0.0,49,0,80.0
ratio_5pct,ratio_sweep,4836,control,1,0,0,0,0,0,0,0
ratio_5pct,ratio_sweep,4836,control,2,0,0,0,0,0,0,0
ratio_5pct,ratio_sweep,4836,control,3,0,0,0,0,0,0,0
ratio_5pct,ratio_sweep,4836,control,4,0,0,0,0,0,0,0
ratio_5pct,ratio_sweep,4836,treatment,0,1,0.5049,0,0.0,37,0,28.0
ratio_5pct,ratio_sweep,4836,treatment,1,1,0.6572,0,0.0,50,0,100.0
ratio_5pct,ratio_sweep,4836,treatment,2,0,0,0,0,0,0,0
ratio_5pct,ratio_sweep,4836,treatment,3,0,0,0,0,0,0,0
ratio_5pct,ratio_sweep,4836,treatment,4,0,0,0,0,0,0,0
ratio_5pct,ratio_sweep,4973,control,0,4,0.5917,0,0.2142,113,3,94.25
ratio_5pct,ratio_sweep,4973,control,1,0,0,0,0,0,0,0
ratio_5pct,ratio_sweep,4973,control,2,0,0,0,0,0,0,0
ratio_5pct,ratio_sweep,4973,control,3,1,0.6946,0,0.0,49,0,80.0
ratio_5pct,ratio_sweep,4973,control,4,0,0,0,0,0,0,0
ratio_5pct,ratio_sweep,4973,treatment,0,3,0.5821,0,0.3186,113,0,99.67
ratio_5pct,ratio_sweep,4973,treatment,1,0,0,0,0,0,0,0
ratio_5pct,ratio_sweep,4973,treatment,2,3,0.5779,0,0.2088,106,1,98.67
ratio_5pct,ratio_sweep,4973,treatment,3,2,0.5727,0,0.2237,74,0,99.5
ratio_5pct,ratio_sweep,4973,treatment,4,5,0.6574,0,0.1991,202,3,116.8
